,Brand,Model,Screen Size (Inches),Resolution,Display Technology,Key Features,Total Ratings,Total Reviews,Average Rating,Current Price (₹),MRP Price (₹),Operating System,Launch Year,Discount (%)
0,PHILIPS,PHILIPS Frameless,32,HD Ready,LED,Not Specified,951,148,4.1,10499,22999,Google,2025,54.35
1,Coocaa,Coocaa S4U Plus,43,Full HD,LED,Not Specified,25710,2989,4.2,13499,19999,Coolita,2025,32.5
2,realme,realme TechLife CineSonic Q,32,HD Ready,LED,40 W Speak...,8264,648,4.1,8999,23999,Google,2025,62.5
3,iFFALCON,iFFALCON by TCL S55,32,HD Ready,LED,HDR 10 | 16W Dolby ...,2340,173,4.1,8999,19990,Google,2025,54.98
4,Uniboom,Uniboom ULTIMA,43,Full HD,LED,30W Sonic Boom Speakers...,1282,157,4.1,12990,40990,Android,2025,68.31
5,InnoQ,InnoQ Spectra,32,HD Ready,LED,30W Boom Speakers | 1000+ Smart Apps ...,8304,929,4.0,7490,29990,Android,2024,75.03
6,Thomson,Thomson,32,HD Ready,LED,20W Sound Output | 2 Speakers | Wide View An...,30797,4898,4.1,6999,15999,Not Specified,2025,56.25
9,Samsung,Samsung,32,HD Ready,LED,Voice Assistance Remote Control ...,102783,6389,4.3,11990,17900,Tizen,2025,33.02
10,Coocaa,Coocaa S4U Plus,32,HD Ready,LED,Not Specified,25710,2989,4.2,7699,13999,Coolita,2025,45.0
11,Uniboom,Uniboom ULTIMA,32,HD Ready,LED,30W Sonic Boom Speakers...,1282,157,4.1,7590,28990,Android,2025,73.82
12,XIAOMI,XIAOMI by Mi Fire Tv,32,HD Ready,LED,High-Definition Disp...,95910,6457,4.3,11999,24999,Fire OS,2025,52.0
13,TCL,TCL V5C,32,Full HD,LED,100% Color Volume Plus | 24W Do...,1271,135,4.0,13490,22990,Google,2025,41.32
14,iFFALCON,iFFALCON by TCL U65,55,Ultra HD (4K),LED,MEMC | Dolby ...,2203,205,4.2,25999,73990,Google,2025,64.86
16,InnoQ,InnoQ Sounbar,24,HD Ready,LED,30W Front Boom Speakers | 1000+ Smart...,8304,929,4.0,5890,22990,Android,2024,74.38
17,Uniboom,Uniboom ULTIMA,24,HD Ready,LED,30W Sounbar Edition - A...,1282,157,4.1,5890,22990,Android,2025,74.38
18,XIAOMI,XIAOMI by Mi A Series,32,HD Ready,LED,200+ Free Channels |Dolby Audi...,95910,6457,4.3,11999,24999,Google,2024,52.0
20,Hisense,Hisense E6N,55,Ultra HD (4K),LED,"Atmos, Dts Virtual X",9842,1303,4.3,31999,59999,Google,2024,46.67
21,TOSHIBA,TOSHIBA,43,Full HD,LED,DTS X,5721,807,4.2,19999,34990,Android,2023,42.84
22,Thomson,Thomson,24,HD Ready,LED,20W Sound Output | 2 Speakers | Wide View An...,31051,3642,4.1,5499,10499,Not Specified,2025,47.62
23,Acer,Acer V Pro Series,43,Ultra HD (4K),LED,Not Specified,1924,203,4.0,22999,51999,Google,2025,55.77
25,Acer,Unknown,32,HD Ready,LED,Android 14 (Black) | 16GB Stora...,9667,932,3.9,9999,22999,Google,2024,56.52
26,LG,LG LR570,32,HD Ready,LED,"Alpha5, 100...",70564,5698,4.4,13489,21240,webOS,2025,36.49
27,Thomson,Thomson Alpha QLED,32,HD Ready,LED,36W Sound Output | W...,2290,370,4.2,8299,14999,Linux,2025,44.67
28,realme,realme TechLife,55,Ultra HD (4K),LED,5.0 with Dolby A...,2227,261,4.1,28999,70999,Google,2025,59.16
29,Acer,Acer I PRO Series,43,Full HD,LED,Android 14 (Black) | 16GB Storage ...,9667,932,3.9,17999,43999,Google,2024,59.09
30,InnoQ,InnoQ Spectra,43,Full HD,LED,30W Boom Speakers | 1000+ Smart Apps ...,8304,929,4.0,12990,39990,Android,2024,67.52
31,LG,LG AI TV UA8200,43,Ultra HD (4K),LED,Alpha7 AI Processo...,23739,1727,4.4,30990,48690,webOS,2025,36.35
34,Hisense,Hisense E6N,43,Ultra HD (4K),LED,"Dolby Vision Atmos, Dts Virtual X ...",9842,1303,4.3,21999,44999,Google,2024,51.11
36,TOSHIBA,TOSHIBA,50,Ultra HD (4K),LED,"Dolby Atmos, 30W Powerful...",1695,365,4.2,28999,49999,Google,2025,42.0
37,Hisense,Hisense 50E7Q,50,Ultra HD (4K),LED,"Dolby Vision Atmos,...",6295,918,4.3,29999,59999,VIDAA,2025,50.0
38,SONY,Unknown,55,Ultra HD (4K),LED,Not Specified,7885,1065,4.7,62999,99900,Google,2025,36.94
39,Blaupunkt,Blaupunkt Quantum Dot,40,Full HD,LED,48W Sound Outpu...,11281,2790,4.5,15499,21999,Android,2025,29.55
40,realme,realme TechLife CineSonic,31,HD Ready,LED,"Dolby Audio,...",8264,648,4.1,9999,22999,Google,2025,56.52
41,XIAOMI,XIAOMI by Mi X Series,43,Ultra HD (4K),LED,HDR 10 | Audio | DTS X |...,74950,5778,4.3,23999,42999,Google,2024,44.19
42,realme,realme TechLife,43,Ultra HD (4K),LED,5.0 with Dolby Au...,927,96,4.2,19999,43999,Google,2025,54.55
43,Samsung,Samsung Crystal 4K Infinity Vision,43,Ultra HD (4K),LED,...,51026,3779,4.3,29490,44900,Tizen,2025,34.32
44,realme,realme TechLife,65,Ultra HD (4K),LED,5.0 with Dolby A...,2227,261,4.1,40999,93999,Google,2025,56.38
46,Blaupunkt,Blaupunkt,50,Ultra HD (4K),LED,"60W Sound Output, Dolby Atm...",11281,2790,4.5,26499,49999,Google,2022,47.0
47,Acer,Acer G plus Series,43,Full HD,LED,(black) 2024 Model,2043,179,4.0,17999,44999,Google,2024,60.0
48,Thomson,Thomson Alpha,32,HD Ready,LED,30 W Sound Output & Bezel-Less Design,48453,6284,4.3,7999,14999,Linux,2022,46.67
49,XIAOMI,XIAOMI by Mi X Series,50,Ultra HD (4K),LED,4K Dolby Vision |,74950,5778,4.3,27999,49999,Google,2024,44.0
50,Thomson,Thomson Alpha,24,HD Ready,LED,20 W Sound Output,48453,6284,4.3,5899,9999,Linux,2023,41.0
51,SONY,SONY Bravia 2,43,Ultra HD (4K),LED,Not Specified,12026,1681,4.7,38490,59900,Google,2024,35.74
52,LG,LG AI TV UR7500,50,Ultra HD (4K),LED,Alpha5 AI Processo...,23739,1727,4.4,36990,69990,webOS,2025,47.15
53,TOSHIBA,TOSHIBA,55,Ultra HD (4K),LED,"Full Array Local Dimming, 49W Power B...",82,4,4.0,38999,79999,Google,2024,51.25
55,Thomson,Thomson TV,43,Ultra HD (4K),LED,40W Sound Output ...,884,194,4.3,18499,32999,Jio,2025,43.94
56,SONY,Unknown,55,Ultra HD (4K),LED,Feature for,7885,1065,4.7,55999,99900,Google,2024,43.94
57,LG,LG AI TV UR7500,43,Ultra HD (4K),LED,Alpha5 AI Processo...,23739,1727,4.4,29990,49990,webOS,2025,40.01
60,InnoQ,InnoQ Spectra,32,HD Ready,LED,30W Boom Speakers | Real Frameless | Noise Reductio...,8304,929,4.0,6990,24990,Not Specified,2024,72.03
61,XIAOMI,Unknown,55,Ultra HD (4K),LED,Alexa bui...,74950,5778,4.3,34999,54999,Fire OS,2025,36.36
62,LG,LG AI TV UR7500,55,Ultra HD (4K),LED,Alpha5 AI Processo...,23739,1727,4.4,40990,71990,webOS,2025,43.06
65,iFFALCON,iFFALCON by TCL U65,65,Ultra HD (4K),LED,MEMC | Dolby ...,2203,205,4.2,39999,120990,Google,2025,66.94
66,XIAOMI,XIAOMI G Series,32,HD Ready,LED,Dolby Audio| Wide Colo...,2661,195,4.0,13999,26999,Google,2025,48.15
68,LG,LG UR7500,55,Ultra HD (4K),LED,"Alpha5 AI, AI Pictu...",23739,1727,4.4,40990,71990,webOS,2023,43.06
69,iFFALCON,iFFALCON by TCL U64,43,Ultra HD (4K),LED,"24W Audio, HDR10",79234,8506,4.2,17999,50990,Google,2024,64.7
70,Thomson,Thomson FA Series,40,Full HD,LED,Dolby Digital Plus &,126481,21839,4.3,14499,26999,Android,2023,46.3
73,Hisense,Hisense,32,HD Ready,LED,"Dolby Audio, 30W Powerful Sound,, Sup...",2570,486,4.2,11499,24999,Google,2024,54.0
74,Reliance,Reliance,24,HD Ready,LED,"A+ & Full HD Support Display,...",283,28,3.9,6990,14990,Android,2025,53.37
75,Acer,Acer I PRO Series,43,Ultra HD (4K),LED,Android 14 (Black) | MEMC | ...,9667,932,3.9,19999,39999,Google,2024,50.0
76,Samsung,Samsung Crystal 4K Vision Pro,43,Ultra HD (4K),LED,Bright Vision | 4...,51026,3779,4.3,28990,46900,Tizen,2024,38.19
77,TCL,TCL C69B,55,Ultra HD (4K),LED,"Dolby, ONKYO 2.1ch Subwoof...",11161,1206,4.2,36990,120990,Google,2024,69.43
80,Samsung,Samsung,43,Full HD,LED,Voice Assistance Remote Control ...,178,16,4.4,23990,29900,TizenFull,2025,19.77
81,Blaupunkt,Blaupunkt CyberSound G2 Series,40,Full HD,LED,Dolby Digital Plus &...,16584,3516,4.4,14499,26999,Android,2023,46.3
82,iFFALCON,iFFALCON by TCL U64,55,Ultra HD (4K),LED,"24W Dolby Audio, HDR10",79234,8506,4.2,25999,73990,Google,2024,64.86
83,Thomson,Thomson World Cup,43,Full HD,LED,40 W Sound Output & Bezel-Less Desi...,48453,6284,4.3,14499,22999,Linux,2023,36.96
85,Coocaa,Coocaa Frameless,43,Ultra HD (4K),LED,HDR 10+ Dolby Vision Dolby At...,687,87,4.1,17499,49990,Google,2024,64.99
86,Coocaa,Coocaa Frameless,43,Full HD,LED,HDR 10 Audio and Eye,1644,238,4.2,15999,39990,Google,2024,59.99
87,Thomson,Thomson Phoenix 2025 Edition,55,Ultra HD (4K),LED,Dol...,31911,5479,4.4,30999,49999,Google,2025,38.0
88,TCL,TCL C655,55,Ultra HD (4K),LED,T-SCREEN |Dolby Vision-Atmos | Hands...,2853,293,4.2,40990,121990,Google,2024,66.4
89,TCL,TCL T6C,43,Ultra HD (4K),LED,HDR10+ | Dolby Vision- A...,556,45,4.0,26990,59990,Google,2025,55.01
90,SONY,SONY,32,HD Ready,LED,Not Specified,837,116,4.6,24999,34900,Google,2024,28.37
91,TCL,TCL V6B,43,Ultra HD (4K),LED,24W Dolby Audio and Metallic Bezel-Les...,15593,1361,4.2,20990,52990,Google,2024,60.39
92,Samsung,Samsung Crystal 4K iSmart Series,65,Ultra HD (4K),LED,Crystal Proces...,18318,1277,4.3,64990,99990,Tizen,2023,35.0
93,Hisense,Hisense E6N,65,Ultra HD (4K),LED,"Dolby Vision Atmos, Dts Virtual X ...",9842,1303,4.3,46999,79999,Google,2024,41.25
94,LG,LG UR7500,65,Ultra HD (4K),LED,"Alpha5 AI, AI Pictu...",23739,1727,4.4,62990,114990,webOS,2023,45.22
95,Samsung,Samsung Crystal 4K Vision Pro,50,Ultra HD (4K),LED,Bright Vision | 4...,51026,3779,4.3,39990,63900,Tizen,2024,37.42
98,Sansui,Sansui,32,HD Ready,LED,Dolby Digital | Surround Sound |...,20,2,4.3,10799,21490,Google,2024,49.75
100,Samsung,Samsung Crystal 4K Vision Pro,65,Ultra HD (4K),LED,Bright Vision | 4...,51026,3779,4.3,62990,96900,Tizen,2024,34.99
101,Acer,Acer Super Series,50,Ultra HD (4K),LED,Android 14 (Black) | MEMC |...,2095,226,4.1,35999,66999,Google,2024,46.27
103,Samsung,Samsung Crystal 4K Vivid,43,Ultra HD (4K),LED,4K Upscaling | Purcolo...,18318,1277,4.3,28490,44900,Tizen,2024,36.55
104,Reliance,Reliance,32,HD Ready,LED,"Android 12, 24 W Dolby Audio, Frameless De...",134,8,4.1,9490,21490,Android,2024,55.84
105,SONY,Unknown,55,Ultra HD (4K),LED,Not Specified,1278,228,4.7,62999,129900,Google,2023,51.5
108,Thomson,Thomson,65,Ultra HD (4K),LED,HDR 10 | Dolby Atmos | 40W Sound Outp...,31911,5479,4.4,41999,84999,Google,2022,50.59
109,LG,LG 32LMBPTC,32,HD Ready,LED,"Core Processor, HDR, 60 Hz Refresh Rate, ...",30136,1853,4.3,13590,24990,webOS,2020,45.62
110,TOSHIBA,TOSHIBA,55,Ultra HD (4K),LED,and Engine ZR (2024 Edition),1682,226,4.2,34999,69999,VIDAA,2024,50.0
111,TOSHIBA,TOSHIBA C350NP,50,Ultra HD (4K),LED,Dolby Vision Atmos and REGZA En...,1695,365,4.2,27999,54999,Google,2024,49.09
113,TOSHIBA,TOSHIBA 55Z570RP,55,Ultra HD (4K),LED,Dolby Vision IQ ...,1682,226,4.2,41999,69999,VIDAA,2025,40.0
114,LG,LG,32,HD Ready,LED,Alpha5 Gen5 AI Processor | Magic Remote,5401,518,4.4,15990,23990,webOS,2022,33.35
115,XIAOMI,XIAOMI by Mi X Series,43,Ultra HD (4K),LED,Dolby Visio...,74950,5778,4.3,26999,42999,Google,2025,37.21
116,Samsung,Samsung,32,HD Ready,LED,SMART TV TIZEN HD,66672,5580,4.4,14490,22900,Tizen,2020,36.72
117,LG,LG QNED 75,55,Ultra HD (4K),LED,"AI, AI Picture Pr...",271,28,4.5,50499,109990,webOS,2024,54.09
118,Blaupunkt,Blaupunkt Cybersound,55,Ultra HD (4K),LED,Dolby MS12 & 60W Speaker...,7871,1808,4.5,29599,55999,Android,2021,47.14
120,Sansui,Sansui,40,Full HD,LED,Dolby Audio | Surround Sound | Bezel-Less Des...,2794,245,4.2,19490,34990,Google,2023,44.3
121,Hisense,Hisense E68N,43,Ultra HD (4K),LED,Dolby Vision Far Field Voice Con...,2826,459,4.2,25999,49999,Google,2024,48.0
122,XIAOMI,XIAOMI by Mi X Pro QLED,55,Ultra HD (4K),LED,4K Dolby Vision | Dol...,2661,195,4.0,41999,70999,Google,2024,40.85
123,Thomson,Thomson FA Series,42,Full HD,LED,Dolby Digital Plus &,126481,21839,4.3,14499,28499,Android,2023,49.12
125,XIAOMI,XIAOMI by Mi X Pro CineMagiQLED,43,Ultra HD (4K),LED,...,2661,195,4.0,30999,49999,Google,2025,38.0
126,Acer,Unknown,32,HD Ready,LED,(black) 2024 Model,2043,179,4.0,9999,23999,Google,2024,58.34
127,Samsung,Samsung,32,HD Ready,LED,Voice Search,19662,2442,4.4,19999,19999,Tizen,2020,0.0
128,TCL,Unknown,32,Full HD,LED,Metallic Bezel Less and Chromecast bu...,25159,1918,4.1,13499,22990,Android,2024,41.28
129,InnoQ,InnoQ Sounbar,24,HD Ready,LED,30W Front Boom Speakers | 1000+ Smart...,8304,929,4.0,5890,63999,Android,2024,90.8
130,Acer,Unknown,50,Ultra HD (4K),LED,(black) 2024 Model,2043,179,4.0,22990,22990,Google,2024,0.0
131,Uniboom,Uniboom ULTIMA,24,HD Ready,LED,30W Sounbar Edition - A...,1282,157,4.1,5890,34990,Android,2025,83.17
132,TOSHIBA,TOSHIBA,43,Full HD,LED,DTS X,5721,807,4.2,19999,52900,Android,2023,62.19
133,Samsung,Samsung Crystal 4K iSmart Series,43,Ultra HD (4K),LED,Crystal Proces...,18318,1277,4.3,27990,49990,Tizen,2023,44.01
134,iFFALCON,iFFALCON by TCL U62,43,Ultra HD (4K),LED,"24W Audio, HDR10 and Bezel...",79234,8506,4.2,19000,59999,Google,2022,68.33
135,Hisense,Hisense E6N,55,Ultra HD (4K),LED,"Atmos, Dts Virtual X",9842,1303,4.3,31999,44999,Google,2024,28.89
136,Hisense,Hisense E6N,43,Ultra HD (4K),LED,"Dolby Vision Atmos, Dts Virtual X ...",9842,1303,4.3,21490,21490,Google,2024,0.0
137,Reliance,Reliance,32,HD Ready,LED,"Android 12, 24 W Dolby Audio, Frameless De...",191,18,4.2,9999,599990,Android,2023,98.33
138,TCL,TCL,98,Ultra HD (4K),LED,"Dolby Vision IQ, 60W ONK...",5,0,4.0,22999,22999,Google,2023,0.0
139,Blaupunkt,Blaupunkt Quantum Dot,32,HD Ready,LED,48W Sound Outpu...,11281,2790,4.5,10499,19999,Android,2025,47.5
140,Coocaa,Coocaa S4U Plus,43,Full HD,LED,Not Specified,25710,2989,4.2,13499,40990,Coolita,2025,67.07
141,Uniboom,Uniboom ULTIMA,43,Full HD,LED,30W Sonic Boom Speakers...,1282,157,4.1,12990,26999,Android,2025,51.89
143,TOSHIBA,TOSHIBA,43,Full HD,LED,DTS X,5721,807,4.2,19999,29990,Android,2023,33.31
144,InnoQ,InnoQ Spectra,32,HD Ready,LED,30W Boom Speakers | 1000+ Smart Apps ...,8304,929,4.0,7490,13999,Android,2024,46.5
145,Coocaa,Coocaa S4U Plus,32,HD Ready,LED,Not Specified,25710,2989,4.2,7699,28499,Coolita,2025,72.99
146,Thomson,Thomson FA Series,42,Full HD,LED,Dolby Digital Plus &,126481,21839,4.3,14499,49990,Android,2023,71.0
148,Uniboom,Uniboom ULTIMA,32,HD Ready,LED,30W Sonic Boom Speakers...,1282,157,4.1,7590,85900,Android,2025,91.16
149,SONY,Unknown,50,Ultra HD (4K),LED,Not Specified,113,15,4.5,22990,22990,Google,2024,0.0
150,Uniboom,Uniboom ULTIMA,24,HD Ready,LED,30W Sounbar Edition - A...,1282,157,4.1,5890,47990,Android,2025,87.73
151,LG,LG UQ7550,43,Ultra HD (4K),LED,"Alpha5 AI Processor Gen5, AI Sound Pr...",4560,337,4.4,31990,34990,webOS,2023,8.57
153,Hisense,Hisense E6N,43,Ultra HD (4K),LED,"Dolby Vision Atmos, Dts Virtual X ...",9842,1303,4.3,21999,46999,Google,2024,53.19
154,Acer,Acer I PRO Series,43,Ultra HD (4K),LED,Android 14 (Black) | MEMC | ...,5496,570,4.2,23999,64900,Google,2024,63.02
155,Samsung,Samsung Crystal 4K iSmart Series,55,Ultra HD (4K),LED,Crystal Proces...,18318,1277,4.3,42990,49999,Tizen,2023,14.02
156,TOSHIBA,TOSHIBA,50,Ultra HD (4K),LED,"Dolby Atmos, 30W Powerful...",1695,365,4.2,28999,29999,Google,2025,3.33
157,Coocaa,Coocaa,43,Full HD,LED,Not Specified,40,12,4.5,16999,59999,Google,2025,71.67
158,Hisense,Hisense 50E7Q,50,Ultra HD (4K),LED,"Dolby Vision Atmos,...",6295,918,4.3,29999,79999,VIDAA,2025,62.5
159,Hisense,Hisense E6N,65,Ultra HD (4K),LED,"Dolby Vision Atmos, Dts Virtual X ...",9842,1303,4.3,42999,42999,Google,2024,0.0
160,XIAOMI,XIAOMI by Mi X Series,43,Ultra HD (4K),LED,4K Dolby Vision |,74950,5778,4.3,25000,27990,Google,2023,10.68
161,Haier,Haier,32,HD Ready,LED,Not Specified,21,0,4.3,11990,19999,Not Specified,2023,40.05
162,Uniboom,Uniboom ULTIMA,43,Full HD,LED,30W Sonic Boom Speakers...,1282,157,4.1,12990,69999,Android,2025,81.44
163,Hisense,Hisense E7K,55,Ultra HD (4K),LED,Dolby Vision and Atmos,6295,918,4.3,15990,15990,VIDAA,2023,0.0
165,InnoQ,InnoQ Spectra,32,HD Ready,LED,30W Boom Speakers | 1000+ Smart Apps ...,8304,929,4.0,7490,24990,Android,2024,70.03
166,Samsung,Samsung,32,HD Ready,LED,2025 LED Panel | Mega Contrast...,114,7,3.9,13959,28990,Android,2025,51.85
167,Uniboom,Uniboom ULTIMA,32,HD Ready,LED,30W Sonic Boom Speakers...,1282,157,4.1,7590,13999,Android,2025,45.78
168,Coocaa,Coocaa S4U Plus,32,HD Ready,LED,Not Specified,25710,2989,4.2,7699,19990,Coolita,2025,61.49
169,Sansui,Sansui Neo,32,HD Ready,LED,Not Specified,743,87,4.2,9990,87900,Linux,2022,88.63
170,Samsung,Samsung,55,Ultra HD (4K),LED,Not Specified,8304,929,4.0,22990,22990,Tizen,2025,0.0
171,InnoQ,InnoQ Sounbar,24,HD Ready,LED,30W Front Boom Speakers | 1000+ Smart...,1282,157,4.1,5890,22990,Android,2024,74.38
172,Uniboom,Uniboom ULTIMA,24,HD Ready,LED,30W Sounbar Edition - A...,6,1,4.0,5890,29999,Android,2025,80.37
173,Reliance,Reliance,43,Full HD,LED,Cloud Base TV,33,2,3.9,19490,21990,Android,2025,11.37
174,Acer,Unknown,32,HD Ready,LED,"1.5GB RAM, Dolby Audio",9842,1303,4.3,12990,59999,Google,2024,78.35
175,Hisense,Hisense E6N,55,Ultra HD (4K),LED,"Atmos, Dts Virtual X",191,18,4.2,29990,29990,Google,2024,0.0
176,Reliance,Reliance,32,HD Ready,LED,Next Generation Google Smart Q...,5721,807,4.2,12990,34990,Google,2025,62.88
177,TOSHIBA,TOSHIBA,43,Full HD,LED,DTS X,9842,1303,4.3,19999,44999,Android,2023,55.56
178,Hisense,Hisense E6N,43,Ultra HD (4K),LED,"Dolby Vision Atmos, Dts Virtual X ...",225,21,4.2,21999,23000,Google,2024,4.35
179,Samsung,Samsung 4,32,HD Ready,LED,Not Specified,1695,365,4.2,21999,59999,Tizen,2021,63.33
180,TOSHIBA,TOSHIBA,55,Ultra HD (4K),LED,"Dolby Atmos, 30W Powerful...",1695,365,4.2,33999,49999,Google,2025,32.0
181,TOSHIBA,TOSHIBA,50,Ultra HD (4K),LED,"Dolby Atmos, 30W Powerful...",6295,918,4.3,28999,59999,Google,2025,51.67
182,Hisense,Hisense 50E7Q,50,Ultra HD (4K),LED,"Dolby Vision Atmos,...",29,5,4.1,29999,95900,VIDAA,2025,68.72
183,Samsung,Unknown,55,Ultra HD (4K),LED,2024 Model,951,148,4.1,68490,99999,Tizen,2024,31.51
184,Acer,Acer,70,Ultra HD (4K),LED,Not Specified,295,26,4.1,22999,22999,Google,2023,0.0
185,PHILIPS,PHILIPS Frameless,32,HD Ready,LED,Not Specified,25710,2989,4.2,10499,124990,Google,2025,91.6
186,TCL,TCL,65,Ultra HD (4K),LED,MEMC | Dolby Vision-Atmos | H...,1282,157,4.1,19999,19999,Google,2025,0.0
187,Coocaa,Coocaa S4U Plus,43,Full HD,LED,Not Specified,37,7,4.3,13499,40990,Coolita,2025,67.07
188,Uniboom,Uniboom ULTIMA,43,Full HD,LED,30W Sonic Boom Speakers...,7998,735,4.3,12990,41990,Android,2025,69.06
189,Sansui,Sansui,43,Ultra HD (4K),LED,Zen Panel Dolby Audio & Filmmaker mode,8304,929,4.0,26990,63999,Google,2024,57.83
191,InnoQ,InnoQ Spectra,32,HD Ready,LED,30W Boom Speakers | 1000+ Smart Apps ...,11281,2790,4.5,7490,13999,Android,2024,46.5
192,Coocaa,Coocaa S4U Plus,32,HD Ready,LED,Not Specified,1682,226,4.2,7699,21999,Coolita,2025,65.0
193,Blaupunkt,Blaupunkt Quantum Dot,40,Full HD,LED,48W Sound Outpu...,1282,157,4.1,15499,69999,Android,2025,77.86
194,TOSHIBA,TOSHIBA,55,Ultra HD (4K),LED,and Engine ZR (2024 Edition),145,25,4.4,28990,28990,VIDAA,2024,0.0
195,Uniboom,Uniboom ULTIMA,32,HD Ready,LED,30W Sonic Boom Speakers...,8304,929,4.0,7590,159990,Android,2025,95.26
196,TCL,TCL T89C,65,Ultra HD (4K),LED,HVA Panel | Dolby Visio...,1282,157,4.1,22990,22990,Google,2025,0.0
197,InnoQ,InnoQ Sounbar,24,HD Ready,LED,30W Front Boom Speakers | 1000+ Smart...,36,16,4.0,5890,22990,Android,2024,74.38
198,Uniboom,Uniboom ULTIMA,24,HD Ready,LED,30W Sounbar Edition - A...,4881,804,4.3,5890,25499,Android,2025,76.9
200,TOSHIBA,TOSHIBA M550MP,55,Ultra HD (4K),LED,"Full Array Local Dimming, Powe...",5721,807,4.2,37999,59999,Google,2023,36.67
201,Hisense,Hisense E6N,55,Ultra HD (4K),LED,"Atmos, Dts Virtual X",2652,332,4.0,31999,34990,Google,2024,8.55
202,TOSHIBA,TOSHIBA,43,Full HD,LED,DTS X,4436,728,4.2,19999,24990,Android,2023,19.97
203,InnoQ,InnoQ Spectra,32,HD Ready,LED,"30W Boom Speakers, Real Frameless, Noise Reduction,...",9842,1303,4.3,6990,55000,Not Specified,2024,87.29
205,Hisense,Hisense E6N,43,Ultra HD (4K),LED,"Dolby Vision Atmos, Dts Virtual X ...",951,148,4.1,21999,89999,Google,2024,75.56
206,TOSHIBA,TOSHIBA C450NP,65,Ultra HD (4K),LED,Dolby Vision Atmos and REGZA En...,25710,2989,4.2,22999,22999,VIDAA,2024,0.0
207,PHILIPS,PHILIPS Frameless,32,HD Ready,LED,Not Specified,871,78,4.3,10499,19999,Google,2025,47.5
208,Coocaa,Coocaa S4U Plus,43,Full HD,LED,Not Specified,15593,1361,4.2,13499,81900,Coolita,2025,83.52
209,Samsung,Samsung Vision AI,55,Ultra HD (4K),LED,100% Color Volu...,1282,157,4.1,49990,52990,Tizen,2025,5.66
210,TCL,TCL 43P635,43,Ultra HD (4K),LED,"""Dolby Audio & HDR10""",8304,929,4.0,23990,40990,Google,2022,41.47
211,Uniboom,Uniboom ULTIMA,43,Full HD,LED,30W Sonic Boom Speakers...,3716,463,4.2,12990,29990,Android,2025,56.69
212,InnoQ,InnoQ Spectra,32,HD Ready,LED,30W Boom Speakers | 1000+ Smart Apps ...,2669,318,4.1,7490,69990,Android,2024,89.3
215,Coocaa,Coocaa S4U Plus,32,HD Ready,LED,Not Specified,1282,157,4.1,7699,164999,Coolita,2025,95.33
216,Acer,Unknown,65,Ultra HD (4K),LED,Not Specified,8304,929,4.0,28990,28990,Google,2024,0.0
217,Uniboom,Uniboom ULTIMA,32,HD Ready,LED,30W Sonic Boom Speakers...,11281,2790,4.5,7590,22990,Android,2025,66.99
218,InnoQ,InnoQ Sounbar,24,HD Ready,LED,30W Front Boom Speakers | 1000+ Smart...,260,48,4.2,5890,149999,Android,2024,96.07
219,Blaupunkt,Blaupunkt,75,Ultra HD (4K),LED,Dolby Vision & Atmos,1282,157,4.1,69999,219999,Google,2023,68.18
220,Hisense,Hisense U7K,75,Ultra HD (4K),LED,Not Specified,5721,807,4.2,22990,22990,VIDAA,2023,0.0
221,Uniboom,Uniboom ULTIMA,24,HD Ready,LED,30W Sounbar Edition - A...,1231,140,4.0,5890,34990,Android,2025,83.17
222,TOSHIBA,TOSHIBA,43,Full HD,LED,DTS X,481,49,4.3,19999,39999,Android,2023,50.0
225,Hisense,Hisense E6N,55,Ultra HD (4K),LED,"Atmos, Dts Virtual X",9842,1303,4.3,31999,109900,Google,2024,70.88
226,Samsung,Samsung Crystal Vision 4K iSmart,65,Ultra HD (4K),LED,IOT Sensors fo...,1695,365,4.2,44999,44999,Tizen,2023,0.0
227,Hisense,Hisense E6N,43,Ultra HD (4K),LED,"Dolby Vision Atmos, Dts Virtual X ...",26,14,3.8,21999,49999,Google,2024,56.0
228,TOSHIBA,TOSHIBA,50,Ultra HD (4K),LED,"Dolby Atmos, 30W Powerful...",466,41,4.0,25499,25499,Google,2025,0.0
230,Reliance,Reliance,32,Full HD,LED,Fremless Design and Magic Voice Remote.,25710,2989,4.2,12989,22999,webOS,2024,43.52
231,PHILIPS,PHILIPS Frameless,32,HD Ready,LED,Not Specified,747,108,4.4,10499,19999,Google,2025,47.5
232,Coocaa,Coocaa S4U Plus,43,Full HD,LED,Not Specified,40610,7748,4.4,13499,139990,Coolita,2025,90.36
233,LG,LG OLED A2,55,Ultra HD (4K),LED,"Alpha7 Gen5 AI Processor, AI Pictur...",82,4,4.0,26999,26999,webOS,2022,0.0
235,TOSHIBA,TOSHIBA,55,Ultra HD (4K),LED,"Full Array Local Dimming, 49W Power B...",1282,157,4.1,38999,99999,Google,2024,61.0
236,Acer,Acer,70,Ultra HD (4K),LED,Not Specified,8304,929,4.0,40990,40990,Google,2023,0.0
237,Uniboom,Uniboom ULTIMA,43,Full HD,LED,30W Sonic Boom Speakers...,337,44,4.4,12990,29990,Android,2025,56.69
238,InnoQ,InnoQ Spectra,32,HD Ready,LED,30W Boom Speakers | 1000+ Smart Apps ...,3716,463,4.2,7490,60999,Android,2024,87.72
239,realme,realme TechLife CineSonic Q,50,Ultra HD (4K),LED,Not Specified,25710,2989,4.2,24990,24990,Google,2024,0.0
241,Coocaa,Coocaa S4U Plus,32,HD Ready,LED,Not Specified,4,0,4.3,7699,28990,Coolita,2025,73.44
242,Uniboom,Uniboom ULTIMA,32,HD Ready,LED,30W Sonic Boom Speakers...,2853,293,4.2,7590,60660,Android,2025,87.49
243,Haier,Haier,43,Ultra HD (4K),LED,"Dolby Vision, Metal Bezel-Less",8304,929,4.0,34350,166990,Google,2024,79.43
244,TCL,TCL C655,65,Ultra HD (4K),LED,T-SCREEN |Dolby Vision-Atmos | Hands...,7394,893,4.3,22990,22990,Google,2024,0.0
245,InnoQ,InnoQ Sounbar,24,HD Ready,LED,30W Front Boom Speakers | 1000+ Smart...,1282,157,4.1,5890,69990,Android,2024,91.58
246,Hisense,Hisense Tornado,55,Ultra HD (4K),LED,"102W 6 Speakers, Dolby Vision ...",5721,807,4.2,22990,22990,Google,2022,0.0
247,Uniboom,Uniboom ULTIMA,24,HD Ready,LED,30W Sounbar Edition - A...,28,5,4.5,5890,34990,Android,2025,83.17
248,TOSHIBA,TOSHIBA,43,Full HD,LED,DTS X,9842,1303,4.3,19999,56990,Android,2023,64.91
249,Haier,Haier,43,Ultra HD (4K),LED,Not Specified,9842,1303,4.3,17500,17500,Google,2023,0.0
251,Hisense,Hisense E6N,55,Ultra HD (4K),LED,"Atmos, Dts Virtual X",4436,728,4.2,31999,44999,Google,2024,28.89
252,Hisense,Hisense E6N,43,Ultra HD (4K),LED,"Dolby Vision Atmos, Dts Virtual X ...",951,148,4.1,21999,279990,Google,2024,92.14
253,TCL,TCL T89C,75,Ultra HD (4K),LED,HVA Panel | Dolby Visio...,191,18,4.2,55000,55000,Google,2025,0.0
255,PHILIPS,PHILIPS Frameless,32,HD Ready,LED,Not Specified,1282,157,4.1,10499,28990,Google,2025,63.78
256,Reliance,Reliance,32,HD Ready,LED,Next Generation Google Smart L...,8304,929,4.0,12990,19999,Google,2025,35.05
257,Uniboom,Uniboom ULTIMA,43,Full HD,LED,30W Sonic Boom Speakers...,1231,140,4.0,12990,24999,Android,2025,48.04
258,LG,LG,32,HD Ready,LED,LED Panel | Mega Contrast | PurCol...,551,71,4.3,16480,269900,webOS,2025,93.89
259,SONY,Unknown,75,Ultra HD (4K),LED,"Advanced AI Processor X1 HDR, ...",1282,157,4.1,29990,29990,Google,2024,0.0
260,InnoQ,InnoQ Spectra,32,HD Ready,LED,30W Boom Speakers | 1000+ Smart Apps ...,136,11,4.4,7490,13999,Android,2024,46.5
261,Coocaa,Coocaa S4U Plus,32,HD Ready,LED,Not Specified,8304,929,4.0,7699,39999,Coolita,2025,80.75
264,Uniboom,Uniboom ULTIMA,32,HD Ready,LED,30W Sonic Boom Speakers...,2555,215,4.4,7590,21240,Android,2025,64.27
265,LG,Unknown,32,Full HD,LED,Not Specified,9842,1303,4.3,13990,22990,webOS,2021,39.15
266,InnoQ,InnoQ Sounbar,24,HD Ready,LED,30W Front Boom Speakers | 1000+ Smart...,5721,807,4.2,5890,22990,Android,2024,74.38
267,Uniboom,Uniboom ULTIMA,24,HD Ready,LED,30W Sounbar Edition - A...,88,13,4.1,5890,24999,Android,2025,76.44
269,Samsung,Samsung AUE60,55,Ultra HD (4K),LED,Not Specified,9842,1303,4.3,48999,59999,Tizen,2021,18.33
270,Hisense,Hisense E6N,55,Ultra HD (4K),LED,"Atmos, Dts Virtual X",23,1,4.5,31999,34990,Google,2024,8.55
271,TOSHIBA,TOSHIBA,43,Full HD,LED,DTS X,1695,365,4.2,19999,129990,Android,2023,84.61
272,TCL,TCL P7K,65,Ultra HD (4K),LED,Dolby Vision-,6295,918,4.3,24999,24999,Google,2025,0.0
274,Hisense,Hisense E6N,43,Ultra HD (4K),LED,"Dolby Vision Atmos, Dts Virtual X ...",7,2,4.0,21999,120990,Google,2024,81.82
275,Haier,Haier,55,Ultra HD (4K),LED,Not Specified,951,148,4.1,49999,49999,Google,2024,0.0
276,TOSHIBA,TOSHIBA,50,Ultra HD (4K),LED,"Dolby Atmos, 30W Powerful...",25710,2989,4.2,28999,59999,Google,2025,51.67
277,Hisense,Hisense 50E7Q,50,Ultra HD (4K),LED,"Dolby Vision Atmos,...",191,18,4.2,29999,62990,VIDAA,2025,52.37
280,PHILIPS,PHILIPS Frameless,32,HD Ready,LED,Not Specified,51,0,3.8,10499,19999,Google,2025,47.5
281,Coocaa,Coocaa S4U Plus,43,Full HD,LED,Not Specified,1282,157,4.1,13499,44990,Coolita,2025,70.0
282,Reliance,Reliance,43,Full HD,LED,Next Generation Google Smart F...,8304,929,4.0,20490,69900,Google,2025,70.69
283,SONY,SONY Bravia 2,43,Ultra HD (4K),LED,Not Specified,32,1,3.8,43490,79999,Google,2024,45.64
284,TOSHIBA,TOSHIBA,55,Ultra HD (4K),LED,"Full Array Local Dimming, 49W Power B...",14,0,4.1,25999,25999,Google,2024,0.0
285,TOSHIBA,TOSHIBA 32E38RP,32,HD Ready,LED,"30W Powerful Sound, Do...",25710,2989,4.2,12999,40990,Google,2025,68.29
286,Uniboom,Uniboom ULTIMA,43,Full HD,LED,30W Sonic Boom Speakers...,1282,157,4.1,12990,29990,Android,2025,56.69
287,InnoQ,InnoQ Spectra,32,HD Ready,LED,30W Boom Speakers | 1000+ Smart Apps ...,5496,570,4.2,7490,24999,Android,2024,70.04
288,XIAOMI,XIAOMI by Mi,32,HD Ready,LED,2 Table Stand,110,13,4.0,14415,34900,Android,2022,58.7
289,SONY,SONY,32,HD Ready,LED,Not Specified,8304,929,4.0,13999,13999,Google,2024,0.0
290,Coocaa,Coocaa S4U Plus,32,HD Ready,LED,Not Specified,15593,1361,4.2,7699,28990,Coolita,2025,73.44
291,Uniboom,Uniboom ULTIMA,32,HD Ready,LED,30W Sonic Boom Speakers...,1282,157,4.1,7590,59999,Android,2025,87.35
292,Acer,Acer Advanced I Series,55,Ultra HD (4K),LED,"Dolby Vision-Atmos, 36W...",5721,807,4.2,41990,149999,Google,2023,72.01
293,Hisense,Hisense 65U7Q,65,Ultra HD (4K),LED,2.1CH Audio Sys...,145,25,4.4,22990,22990,VIDAA,2025,0.0
294,InnoQ,InnoQ Sounbar,24,HD Ready,LED,30W Front Boom Speakers | 1000+ Smart...,1141,173,4.1,5890,254990,Android,2024,97.69
295,TCL,TCL,75,Ultra HD (4K),LED,Dolby Audio & HDR10,9842,1303,4.3,22990,22990,Google,2023,0.0
296,Uniboom,Uniboom ULTIMA,24,HD Ready,LED,30W Sounbar Edition - A...,9842,1303,4.3,5890,34990,Android,2025,83.17
297,TOSHIBA,TOSHIBA,43,Full HD,LED,DTS X,219867,23402,4.3,19999,159990,Android,2023,87.5
298,TCL,TCL T89C,65,Ultra HD (4K),LED,HVA Panel | Dolby Visio...,12696,1609,4.1,34990,34990,Google,2025,0.0
300,Hisense,Hisense E6N,55,Ultra HD (4K),LED,"Atmos, Dts Virtual X",86,12,4.6,31999,44999,Google,2024,28.89
301,Hisense,Hisense E6N,43,Ultra HD (4K),LED,"Dolby Vision Atmos, Dts Virtual X ...",25710,2989,4.2,21999,21999,Google,2024,0.0
302,realme,realme,32,HD Ready,LED,Android 11,82,4,4.0,12699,23999,Android,2023,47.09
303,realme,realme,32,Full HD,LED,Not Specified,16584,3516,4.4,12699,22999,Android,2021,44.78
304,PHILIPS,PHILIPS Frameless,32,HD Ready,LED,Not Specified,1282,157,4.1,10499,59900,Google,2025,82.47
305,SONY,SONY,43,Ultra HD (4K),LED,Not Specified,8304,929,4.0,19999,19999,Android,2024,0.0
306,Coocaa,Coocaa S4U Plus,43,Full HD,LED,Not Specified,13,1,4.2,13499,79999,Coolita,2025,83.13
307,TOSHIBA,TOSHIBA,55,Ultra HD (4K),LED,"Full Array Local Dimming, 49W Power B...",4,0,4.8,23999,23999,Google,2024,0.0
308,Samsung,Samsung QN800BK,75,Ultra HD (8K),LED,Not Specified,5624,1136,4.5,40990,40990,Tizen,2022,0.0
309,InnoQ,InnoQ Spectra,32,HD Ready,LED,30W Boom Speakers | 1000+ Smart Apps ...,8304,929,4.0,7490,47990,Android,2024,84.39
310,TCL,TCL,43,Full HD,LED,Google Assistant,4,0,3.8,21990,58900,Android,2024,62.67
311,Samsung,Samsung,50,Ultra HD (4K),LED,Not Specified,1695,365,4.2,13999,13999,Tizen,2024,0.0
312,Coocaa,Coocaa S4U Plus,32,HD Ready,LED,Not Specified,1282,157,4.1,7699,19999,Coolita,2025,61.5
314,Uniboom,Uniboom ULTIMA,32,HD Ready,LED,30W Sonic Boom Speakers...,66,8,4.1,7590,22990,Android,2025,66.99
315,InnoQ,InnoQ Sounbar,24,HD Ready,LED,30W Front Boom Speakers | 1000+ Smart...,9842,1303,4.3,5890,38490,Android,2024,84.7
316,Sansui,Sansui,43,Full HD,LED,Dolby Audio,25710,2989,4.2,19530,44999,Android,2023,56.6
317,TOSHIBA,TOSHIBA,43,Ultra HD (4K),LED,"Dolby Atmos, 30W Powerful...",1282,157,4.1,22990,22990,Google,2025,0.0
318,TOSHIBA,TOSHIBA,43,Full HD,LED,DTS X,747,108,4.4,19999,98900,Android,2023,79.78
319,Samsung,Samsung,65,Ultra HD (4K),LED,Not Specified,8304,929,4.0,79490,169990,Tizen,2024,53.24
320,TCL,TCL C755,55,Ultra HD (4K),LED,144Hz VRR and IMAX Enhanced,1282,157,4.1,59990,59999,Google,2024,0.02
321,Hisense,Hisense E6N,55,Ultra HD (4K),LED,"Atmos, Dts Virtual X",2853,293,4.2,31999,147990,Google,2024,78.38
322,Samsung,Samsung BU8570UL,65,Ultra HD (4K),LED,Not Specified,2826,459,4.2,19999,19999,Tizen,2022,0.0
323,Uniboom,Uniboom ULTIMA,43,Full HD,LED,30W Sonic Boom Speakers...,15593,1361,4.2,12990,149999,Android,2025,91.34
324,Hisense,Hisense A6K,75,Ultra HD (4K),LED,"Hands Free Voice Control, Dolby Vi...",8304,929,4.0,69999,224990,Google,2023,68.89
325,LG,LG OLED A3,65,Ultra HD (4K),LED,"Alpha7 AI, AI Pic...",1282,157,4.1,29990,29990,webOS,2023,0.0
326,InnoQ,InnoQ Spectra,32,HD Ready,LED,30W Boom Speakers | 1000+ Smart Apps ...,5496,570,4.2,7490,28990,Android,2024,74.16
327,Uniboom,Uniboom ULTIMA,32,HD Ready,LED,30W Sonic Boom Speakers...,917,167,4.1,7590,61990,Android,2025,87.76
328,TCL,TCL C645,43,Ultra HD (4K),LED,Hands-Free Voice Control,9842,1303,4.3,27900,99999,Google,2023,72.1
329,Hisense,Hisense Q6N,65,Ultra HD (4K),LED,Dolby Vision Atmos Far Field Voic...,5721,807,4.2,13999,13999,Google,2024,0.0
330,Coocaa,Coocaa S4U Plus,32,HD Ready,LED,Not Specified,33,6,4.9,7699,52990,Coolita,2025,85.47
331,TCL,TCL V6B,43,Ultra HD (4K),LED,24W Dolby Audio and Metallic Bezel-Les...,747,108,4.4,20990,22990,Google,2024,8.7
332,InnoQ,InnoQ Sounbar,24,HD Ready,LED,30W Front Boom Speakers | 1000+ Smart...,9842,1303,4.3,5890,22990,Android,2024,74.38
333,Uniboom,Uniboom ULTIMA,24,HD Ready,LED,30W Sounbar Edition - A...,120,8,4.1,5890,59999,Android,2025,90.18
334,Acer,Acer Advanced I Series,55,Ultra HD (4K),LED,"Dolby Vision-Atmos, 36W...",1695,365,4.2,17999,17999,Google,2023,0.0
336,Hisense,Hisense E6N,55,Ultra HD (4K),LED,"Atmos, Dts Virtual X",892,144,4.3,31999,34990,Google,2024,8.55
337,TOSHIBA,TOSHIBA,43,Full HD,LED,DTS X,951,148,4.1,19999,169900,Android,2023,88.23
338,SONY,Unknown,55,Ultra HD (4K),LED,Not Specified,25710,2989,4.2,105440,224990,Google,2023,53.14
339,LG,LG OLED A2,65,Ultra HD (4K),LED,"Alpha7 AI, AI Pic...",556,45,4.0,44999,44999,webOS,2022,0.0
340,Hisense,Hisense E6N,43,Ultra HD (4K),LED,"Dolby Vision Atmos, Dts Virtual X ...",1282,157,4.1,21490,21490,Google,2024,0.0
341,Sansui,Sansui,32,HD Ready,LED,Not Specified,8,0,3.5,12990,49999,Google,2023,74.02
342,TOSHIBA,TOSHIBA,50,Ultra HD (4K),LED,"Dolby Atmos, 30W Powerful...",8304,929,4.0,28999,59999,Google,2025,51.67
343,Hisense,Hisense 50E7Q,50,Ultra HD (4K),LED,"Dolby Vision Atmos,...",25710,2989,4.2,29999,45900,VIDAA,2025,34.64
344,Samsung,Samsung 8100,43,Ultra HD (4K),LED,Not Specified,384,61,4.2,27299,27299,Tizen,2021,0.0
346,PHILIPS,PHILIPS Frameless,32,HD Ready,LED,Not Specified,8304,929,4.0,10499,19999,Google,2025,47.5
347,Coocaa,Coocaa S4U Plus,43,Full HD,LED,Not Specified,22,0,4.0,13499,79900,Coolita,2025,83.11
348,Samsung,Samsung The Frame Series,43,Ultra HD (4K),LED,Not Specified,3,0,3.0,64990,179990,Tizen,2024,63.89
349,TCL,TCL T6C,75,Ultra HD (4K),LED,HDR 10+ | Dolby Vision- ...,1282,157,4.1,40990,40990,Google,2025,0.0
350,Uniboom,Uniboom ULTIMA,43,Full HD,LED,30W Sonic Boom Speakers...,7,0,4.6,12990,66900,Android,2025,80.58
351,Samsung,Samsung,55,Ultra HD (4K),LED,Not Specified,9842,1303,4.3,29990,29990,Tizen,2024,0.0
352,InnoQ,InnoQ Spectra,32,HD Ready,LED,30W Boom Speakers | 1000+ Smart Apps ...,5721,807,4.2,7490,13999,Android,2024,46.5
353,Coocaa,Coocaa S4U Plus,32,HD Ready,LED,Not Specified,36,6,4.5,7699,599990,Coolita,2025,98.72
354,SONY,SONY Bravia,85,Ultra HD (4K),LED,Not Specified,9842,1303,4.3,39999,39999,Android,2022,0.0
355,Coocaa,Coocaa Y74 Pro,43,Ultra HD (4K),LED,Not Specified,1695,365,4.2,21999,28990,Google,2025,24.12
356,Uniboom,Uniboom ULTIMA,32,HD Ready,LED,30W Sonic Boom Speakers...,18318,1277,4.3,7590,22990,Android,2025,66.99
357,InnoQ,InnoQ Sounbar,24,HD Ready,LED,30W Front Boom Speakers | 1000+ Smart...,951,148,4.1,5890,24990,Android,2024,76.43
358,Samsung,Samsung,32,HD Ready,LED,SAMSUNG TV PLUS,9,2,4.0,13999,71990,Tizen,2022,80.55
359,LG,LG,55,Ultra HD (4K),LED,Not Specified,25710,2989,4.2,22990,22990,webOS,2021,0.0
360,Uniboom,Uniboom ULTIMA,24,HD Ready,LED,30W Sounbar Edition - A...,1282,157,4.1,5890,139990,Android,2025,95.79
361,iFFALCON,iFFALCON U75,75,Ultra HD (4K),LED,144 Hz VRR | Wide Co...,7,0,4.6,59999,59999,Google,2025,0.0
362,Hisense,Hisense E6N,55,Ultra HD (4K),LED,"Atmos, Dts Virtual X",8304,929,4.0,31999,34990,Google,2024,8.55
363,TOSHIBA,TOSHIBA,43,Full HD,LED,DTS X,25710,2989,4.2,19999,139900,Android,2023,85.7
364,Samsung,Samsung,75,Ultra HD (4K),LED,Not Specified,10,0,3.7,89990,119990,Tizen,2025,25.0
365,TCL,TCL C6K,55,Ultra HD (4K),LED,512+ Local Dimming Z...,9,2,4.0,44999,44999,Google,2025,0.0
366,Hisense,Hisense E6N,43,Ultra HD (4K),LED,"Dolby Vision Atmos, Dts Virtual X ...",1282,157,4.1,21999,49999,Google,2024,56.0
367,TOSHIBA,TOSHIBA,50,Ultra HD (4K),LED,"Dolby Atmos, 30W Powerful...",6295,918,4.3,28999,124990,Google,2025,76.8
368,Samsung,Samsung 7,65,Ultra HD (4K),LED,Not Specified,8304,929,4.0,66890,92900,Tizen,2021,28.0
369,Samsung,Samsung Crystal 4K Vista,65,Ultra HD (4K),LED,4K Upscal...,1282,157,4.1,22999,22999,Tizen,2025,0.0
370,PHILIPS,PHILIPS Frameless,32,HD Ready,LED,Not Specified,23739,1727,4.4,10499,379990,Google,2025,97.24
371,TCL,TCL C7K,75,Ultra HD (4K),LED,Audio by Bang & Oluf...,1682,226,4.2,19999,19999,Google,2025,0.0
372,Coocaa,Coocaa S4U Plus,43,Full HD,LED,Not Specified,9842,1303,4.3,13499,40990,Coolita,2025,67.07
373,Uniboom,Uniboom ULTIMA,43,Full HD,LED,30W Sonic Boom Speakers...,5721,807,4.2,12990,44990,Android,2025,71.13
374,Reliance,Reliance,43,Full HD,LED,Frameless Design & Voice Remot...,7,0,4.6,19990,99990,Google,2025,80.01
375,iFFALCON,iFFALCON U75,65,Ultra HD (4K),LED,144 Hz VRR | Wide Co...,9842,1303,4.3,29990,29990,Google,2025,0.0
376,InnoQ,InnoQ Spectra,32,HD Ready,LED,30W Boom Speakers | 1000+ Smart Apps ...,1695,365,4.2,7490,13999,Android,2024,46.5
377,Coocaa,Coocaa S4U Plus,32,HD Ready,LED,Not Specified,6295,918,4.3,7699,239990,Coolita,2025,96.79
378,TCL,TCL C72K,65,Ultra HD (4K),LED,Precise Dimming Ser...,23739,1727,4.4,99990,179990,Google,2025,44.45
379,TCL,TCL C7K,55,Ultra HD (4K),LED,Audio by Bang & Oluf...,6,0,4.2,28990,28990,Google,2025,0.0
380,Uniboom,Uniboom ULTIMA,32,HD Ready,LED,30W Sonic Boom Speakers...,951,148,4.1,7590,249999,Android,2025,96.96
381,Hisense,Hisense 85E7Q,85,Ultra HD (4K),LED,"Dolby Vision Atmos,...",25710,2989,4.2,22990,22990,VIDAA,2025,0.0
382,InnoQ,InnoQ Sounbar,24,HD Ready,LED,30W Front Boom Speakers | 1000+ Smart...,18,3,3.6,5890,22990,Android,2024,74.38
383,Uniboom,Uniboom ULTIMA,24,HD Ready,LED,30W Sounbar Edition - A...,1282,157,4.1,5890,114990,Android,2025,94.88
384,LG,LG AI TV UA8200,65,Ultra HD (4K),LED,Alpha7 AI Processo...,8304,929,4.0,64990,99999,webOS,2025,35.01
385,TOSHIBA,TOSHIBA 65Z570RP,65,Ultra HD (4K),LED,Dolby Vision IQ ...,25710,2989,4.2,59999,59999,VIDAA,2025,0.0
386,Hisense,Hisense E6N,55,Ultra HD (4K),LED,"Atmos, Dts Virtual X",91,12,4.2,31999,34990,Google,2024,8.55
387,TOSHIBA,TOSHIBA,43,Full HD,LED,DTS X,1282,157,4.1,19999,21990,Android,2023,9.05
388,TCL,Unknown,32,HD Ready,LED,with 100% Color Volume Plus...,8304,929,4.0,13490,79990,Google,2025,83.14
389,iFFALCON,iFFALCON U75,55,Ultra HD (4K),LED,144 Hz VRR | Wide Co...,51026,3779,4.3,37999,44999,Google,2025,15.56
390,Hisense,Hisense E6N,43,Ultra HD (4K),LED,"Dolby Vision Atmos, Dts Virtual X ...",11,0,3.2,21999,93900,Google,2024,76.57
391,Samsung,Samsung,65,Ultra HD (4K),LED,Not Specified,1282,157,4.1,49999,49999,Android,2024,0.0
392,TOSHIBA,TOSHIBA,50,Ultra HD (4K),LED,"Dolby Atmos, 30W Powerful...",9842,1303,4.3,28999,59999,Google,2025,51.67
393,Hisense,Hisense 50E7Q,50,Ultra HD (4K),LED,"Dolby Vision Atmos,...",5721,807,4.2,29999,235990,VIDAA,2025,87.29
394,LG,LG AI TV UT8040,75,Ultra HD (4K),LED,Alpha5 AI Processo...,9842,1303,4.3,79900,79900,webOS,2024,0.0
395,Samsung,Samsung The Frame,43,Ultra HD (4K),LED,2024 Model,1695,365,4.2,22999,22999,Tizen,2024,0.0
396,PHILIPS,PHILIPS Frameless,32,HD Ready,LED,Not Specified,1682,226,4.2,10499,19999,Google,2025,47.5
397,Coocaa,Coocaa S4U Plus,43,Full HD,LED,Not Specified,9842,1303,4.3,13499,18999,Coolita,2025,28.95
400,Uniboom,Uniboom ULTIMA,43,Full HD,LED,30W Sonic Boom Speakers...,25710,2989,4.2,12990,26999,Android,2025,51.89
402,InnoQ,InnoQ Spectra,32,HD Ready,LED,30W Boom Speakers | 1000+ Smart Apps ...,1007,126,4.2,7490,13999,Android,2024,46.5
403,Coocaa,Coocaa S4U Plus,32,HD Ready,LED,Not Specified,2826,459,4.2,7699,39990,Coolita,2025,80.75
406,Uniboom,Uniboom ULTIMA,32,HD Ready,LED,30W Sonic Boom Speakers...,917,167,4.1,7590,22990,Android,2025,66.99
407,InnoQ,InnoQ Sounbar,24,HD Ready,LED,30W Front Boom Speakers | 1000+ Smart...,747,108,4.4,5890,56900,Android,2024,89.65
408,Samsung,Samsung Crystal 4K Infinity Vision,50,Ultra HD (4K),LED,...,1282,157,4.1,25990,25990,Tizen,2025,0.0
410,Uniboom,Uniboom ULTIMA,24,HD Ready,LED,30W Sounbar Edition - A...,1282,157,4.1,5890,35000,Android,2025,83.17
412,Hisense,Hisense E6N,55,Ultra HD (4K),LED,"Atmos, Dts Virtual X",15593,1361,4.2,31999,34990,Google,2024,8.55
413,TOSHIBA,TOSHIBA,43,Full HD,LED,DTS X,9842,1303,4.3,19999,257900,Android,2023,92.25
414,Samsung,Samsung 8,65,Ultra HD (4K),LED,Not Specified,5721,807,4.2,17500,17500,Tizen,2021,0.0
416,Hisense,Hisense E6N,43,Ultra HD (4K),LED,"Dolby Vision Atmos, Dts Virtual X ...",951,148,4.1,21999,49999,Google,2024,56.0
417,TOSHIBA,TOSHIBA,50,Ultra HD (4K),LED,"Dolby Atmos, 30W Powerful...",25710,2989,4.2,28999,299999,Google,2025,90.33
418,TOSHIBA,TOSHIBA 85Z570RP,85,Ultra HD (4K),LED,2.1CH REGZA powe...,1282,157,4.1,149999,149999,VIDAA,2025,0.0
419,Hisense,Hisense A6K,75,Ultra HD (4K),LED,"Hands Free Voice Control, Dolby Vi...",8304,929,4.0,22999,22999,Google,2023,0.0
420,PHILIPS,PHILIPS Frameless,32,HD Ready,LED,Not Specified,48,11,4.3,10499,69990,Google,2025,85.0
422,Uniboom,Uniboom ULTIMA,43,Full HD,LED,30W Sonic Boom Speakers...,4,0,4.3,12990,20490,Android,2025,36.6
424,Hisense,Hisense Q6N,65,Ultra HD (4K),LED,Dolby Vision Atmos Far Field Voic...,8304,929,4.0,29990,29990,Google,2024,0.0
425,InnoQ,InnoQ Spectra,32,HD Ready,LED,30W Boom Speakers | 1000+ Smart Apps ...,76,10,4.3,7490,13999,Android,2024,46.5
426,Coocaa,Coocaa S4U Plus,32,HD Ready,LED,Not Specified,19,0,4.7,7699,17999,Coolita,2025,57.23
428,LG,LG OLED A2,65,Ultra HD (4K),LED,"Alpha7 AI, AI Pic...",5721,807,4.2,28990,28990,webOS,2022,0.0
429,Uniboom,Uniboom ULTIMA,32,HD Ready,LED,30W Sonic Boom Speakers...,9842,1303,4.3,7590,45900,Android,2025,83.46
430,Samsung,Samsung 8100,43,Ultra HD (4K),LED,Not Specified,9842,1303,4.3,22990,22990,Tizen,2021,0.0
431,InnoQ,InnoQ Sounbar,24,HD Ready,LED,30W Front Boom Speakers | 1000+ Smart...,1695,365,4.2,5890,22990,Android,2024,74.38
432,Uniboom,Uniboom ULTIMA,24,HD Ready,LED,30W Sounbar Edition - A...,21,0,4.3,5890,27299,Android,2025,78.42
434,TCL,TCL V6B,75,Ultra HD (4K),LED,24W Audio and Metallic Bezel-Less,25710,2989,4.2,59999,59999,Google,2024,0.0
435,Hisense,Hisense E6N,55,Ultra HD (4K),LED,"Atmos, Dts Virtual X",2095,226,4.1,31999,34990,Google,2024,8.55
436,TOSHIBA,TOSHIBA,43,Full HD,LED,DTS X,9842,1303,4.3,19999,23990,Android,2023,16.64
437,Samsung,Samsung,32,HD Ready,LED,SMART TV TIZEN HD,1282,157,4.1,18990,24999,Tizen,2020,24.04
438,Samsung,Samsung,32,HD Ready,LED,SMART TV TIZEN HD,384,61,4.2,16999,44999,Tizen,2020,62.22
439,Hisense,Hisense E6N,43,Ultra HD (4K),LED,"Dolby Vision Atmos, Dts Virtual X ...",8304,929,4.0,21999,29990,Google,2024,26.65
441,PHILIPS,PHILIPS Frameless,32,HD Ready,LED,Not Specified,4,0,3.5,10499,19999,Google,2025,47.5
442,Coocaa,Coocaa S4U Plus,43,Full HD,LED,Not Specified,1282,157,4.1,13499,379900,Coolita,2025,96.45
443,SONY,SONY Bravia,75,Ultra HD (4K),LED,Not Specified,8304,929,4.0,149990,149990,Android,2022,0.0
445,Uniboom,Uniboom ULTIMA,43,Full HD,LED,30W Sonic Boom Speakers...,15593,1361,4.2,12990,29990,Android,2025,56.69
446,InnoQ,InnoQ Spectra,32,HD Ready,LED,30W Boom Speakers | 1000+ Smart Apps ...,1282,157,4.1,7490,58990,Android,2024,87.3
448,Haier,Haier Bezel Less Google,43,Ultra HD (4K),LED,AI Smart Voice by Goo...,9842,1303,4.3,51990,72900,Android,2022,28.68
449,Coocaa,Coocaa S4U Plus,32,HD Ready,LED,Not Specified,5721,807,4.2,7699,28990,Coolita,2025,73.44
450,Samsung,Samsung,55,Ultra HD (4K),LED,Not Specified,260,48,4.2,22990,22990,Tizen,2024,0.0
451,Uniboom,Uniboom ULTIMA,32,HD Ready,LED,30W Sonic Boom Speakers...,9842,1303,4.3,7590,24990,Android,2025,69.63
452,InnoQ,InnoQ Sounbar,24,HD Ready,LED,30W Front Boom Speakers | 1000+ Smart...,1695,365,4.2,5890,234937,Android,2024,97.49
453,LG,LG,32,HD Ready,LED,Not Specified,15593,1361,4.2,14390,22990,webOS,2019,37.41
454,LG,LG Nanocell,65,Ultra HD (4K),LED,Not Specified,19,1,4.1,34990,34990,webOS,2020,0.0
455,Uniboom,Uniboom ULTIMA,24,HD Ready,LED,30W Sounbar Edition - A...,951,148,4.1,5890,112900,Android,2025,94.78
456,TOSHIBA,TOSHIBA,43,Full HD,LED,DTS X,4,0,4.0,19999,24999,Android,2023,20.0
457,Samsung,Samsung,70,Ultra HD (4K),LED,Not Specified,25710,2989,4.2,59999,59999,Tizen,2024,0.0
458,LG,LG,32,HD Ready,LED,LED Panel | Mega Contrast | PurCol...,82,4,4.0,16480,100757,webOS,2025,83.64
459,Hisense,Hisense E6N,55,Ultra HD (4K),LED,"Atmos, Dts Virtual X",3163,382,4.5,31999,44999,Google,2024,28.89
460,Samsung,Samsung,65,Ultra HD (4K),LED,Not Specified,31,6,4.5,49999,49999,Tizen,2024,0.0
461,Hisense,Hisense E6N,43,Ultra HD (4K),LED,"Dolby Vision Atmos, Dts Virtual X ...",1282,157,4.1,21999,164990,Google,2024,86.67
462,TOSHIBA,TOSHIBA,50,Ultra HD (4K),LED,"Dolby Atmos, 30W Powerful...",8304,929,4.0,27990,27990,Google,2025,0.0
463,LG,LG,70,Ultra HD (4K),LED,Not Specified,49,15,3.9,22999,22999,webOS,2022,0.0
464,Haier,Haier,32,HD Ready,LED,Not Specified,25710,2989,4.2,11990,19999,Not Specified,2023,40.05
465,PHILIPS,PHILIPS Frameless,32,HD Ready,LED,Not Specified,2826,459,4.2,10499,119999,Google,2025,91.25
466,Coocaa,Coocaa S4U Plus,43,Full HD,LED,Not Specified,1282,157,4.1,13499,59990,Coolita,2025,77.5
467,Acer,Unknown,65,Ultra HD (4K),LED,Not Specified,8304,929,4.0,40990,40990,Google,2024,0.0
468,Hisense,Hisense A6K,50,Ultra HD (4K),LED,"Hands Free Voice Control, 120 High...",27,3,4.3,35990,79990,Google,2023,55.01
469,Coocaa,Coocaa Frameless,55,Ultra HD (4K),LED,"HDR 10+, Dolby Vision, Dolby...",5721,807,4.2,13999,13999,Google,2024,0.0
470,InnoQ,InnoQ Spectra,32,HD Ready,LED,30W Boom Speakers | 1000+ Smart Apps ...,353,78,4.7,7490,399990,Android,2024,98.13
471,Coocaa,Coocaa S4U Plus,32,HD Ready,LED,Not Specified,9842,1303,4.3,7699,64990,Coolita,2025,88.15
472,Samsung,Samsung,85,Ultra HD (4K),LED,Not Specified,7,0,4.0,28990,28990,Tizen,2024,0.0
473,Samsung,Samsung,50,Ultra HD (4K),LED,Not Specified,9842,1303,4.3,22990,22990,Tizen,2024,0.0
474,Uniboom,Uniboom ULTIMA,32,HD Ready,LED,30W Sonic Boom Speakers...,1695,365,4.2,7590,79999,Android,2025,90.51
475,InnoQ,InnoQ Sounbar,24,HD Ready,LED,30W Front Boom Speakers | 1000+ Smart...,951,148,4.1,5890,52990,Android,2024,88.88
477,TCL,TCL 43P635,43,Ultra HD (4K),LED,"""Dolby Audio & HDR10""",4,1,5.0,23990,59990,Google,2022,60.01
478,Uniboom,Uniboom ULTIMA,24,HD Ready,LED,30W Sounbar Edition - A...,1282,157,4.1,5890,59999,Android,2025,90.18
480,Hisense,Hisense E6N,55,Ultra HD (4K),LED,"Atmos, Dts Virtual X",8304,929,4.0,31999,219999,Google,2024,85.45
481,TOSHIBA,TOSHIBA,43,Full HD,LED,DTS X,25710,2989,4.2,19999,29999,Android,2023,33.33
482,Hisense,Hisense U7K,75,Ultra HD (4K),LED,Not Specified,466,41,4.0,44999,44999,VIDAA,2023,0.0
484,Hisense,Hisense E6N,43,Ultra HD (4K),LED,"Dolby Vision Atmos, Dts Virtual X ...",8304,929,4.0,21999,52990,Google,2024,58.48
485,TOSHIBA,TOSHIBA,50,Ultra HD (4K),LED,"Dolby Atmos, 30W Powerful...",2826,459,4.2,28999,509990,Google,2025,94.31
486,TCL,TCL V6B,43,Ultra HD (4K),LED,24W Dolby Audio and Metallic Bezel-Les...,8549,1987,4.1,20990,22999,Google,2024,8.74
487,TCL,TCL,85,Ultra HD (4K),LED,T-SCREEN |Dolby Vision-Atmos | Hands-Free...,1282,157,4.1,129990,199990,Google,2024,35.0
488,PHILIPS,PHILIPS Frameless,32,HD Ready,LED,Not Specified,692,100,4.3,10499,19999,Google,2025,47.5
489,Samsung,Samsung QN85BAKL,55,Ultra HD (4K),LED,Not Specified,9842,1303,4.3,79999,79999,Tizen,2022,0.0
490,Coocaa,Coocaa S4U Plus,43,Full HD,LED,Not Specified,5721,807,4.2,13499,89990,Coolita,2025,85.0
491,TOSHIBA,TOSHIBA,55,Ultra HD (4K),LED,"Full Array Local Dimming, 49W Power B...",917,167,4.1,38999,40990,Google,2024,4.86
492,LG,LG,55,Ultra HD (4K),LED,Not Specified,9842,1303,4.3,29990,29990,webOS,2021,0.0
493,Samsung,Samsung,32,HD Ready,LED,Not Specified,1695,365,4.2,12990,155000,Tizen,2022,91.62
494,Uniboom,Uniboom ULTIMA,43,Full HD,LED,30W Sonic Boom Speakers...,3,0,3.7,7490,219900,Android,2025,96.59
495,InnoQ,InnoQ Spectra,32,HD Ready,LED,30W Boom Speakers | 1000+ Smart Apps ...,951,148,4.1,13999,13999,Android,2024,0.0
497,Samsung,Samsung Q60RAK,65,Ultra HD (4K),LED,Not Specified,1282,157,4.1,7699,28990,Tizen,2019,73.44
498,Coocaa,Coocaa S4U Plus,32,HD Ready,LED,Not Specified,3,0,4.7,22990,22990,Coolita,2025,0.0
499,Hisense,Hisense U6K,43,Ultra HD (4K),LED,"Hands Free Voice Control, Vision ...",2794,245,4.2,7590,27999,Google,2023,72.89
500,Uniboom,Uniboom ULTIMA,32,HD Ready,LED,30W Sonic Boom Speakers...,8304,929,4.0,5890,56990,Android,2025,89.66
501,InnoQ,InnoQ Sounbar,24,HD Ready,LED,30W Front Boom Speakers | 1000+ Smart...,25710,2989,4.2,12999,22990,Android,2024,43.46
504,Uniboom,Uniboom ULTIMA,24,HD Ready,LED,30W Sounbar Edition - A...,1282,157,4.1,19999,299990,Android,2025,93.33
505,TOSHIBA,TOSHIBA,43,Full HD,LED,DTS X,2826,459,4.2,59999,59999,Android,2023,0.0
506,Samsung,LED,65,Ultra HD (4K),QLED,Not Specified,74950,5778,4.3,40400,40400,Tizen,2025,0.0
507,SONY,SONY Bravia,75,Ultra HD (4K),LED,Not Specified,9842,1303,4.3,31999,44999,Google,2021,28.89
508,Hisense,Hisense E6N,55,Ultra HD (4K),LED,"Atmos, Dts Virtual X",5721,807,4.2,24999,49999,Google,2024,50.0
509,Samsung,Samsung 5,43,Full HD,LED,Not Specified,1007,126,4.2,21999,449990,TizenFull,2022,95.11
510,Hisense,Hisense E6N,43,Ultra HD (4K),LED,"Dolby Vision Atmos, Dts Virtual X ...",4,0,4.8,28999,249999,Google,2024,88.4
511,TOSHIBA,TOSHIBA,50,Ultra HD (4K),LED,"Dolby Atmos, 30W Powerful...",9842,1303,4.3,22999,22999,Google,2025,0.0
512,SONY,Unknown,75,Ultra HD (4K),LED,"Advanced AI Processor XR,...",8,3,4.1,19999,19999,Google,2024,0.0
513,TOSHIBA,TOSHIBA 85C380RP,85,Ultra HD (4K),LED,"Dolby Vision Atmos,, Fi...",951,148,4.1,10499,31990,VIDAA,2024,67.18
514,PHILIPS,PHILIPS Frameless,32,HD Ready,LED,Not Specified,25710,2989,4.2,13499,76900,Google,2025,82.45
515,Coocaa,Coocaa S4U Plus,43,Full HD,LED,Not Specified,2,2,5.0,24520,40990,Coolita,2025,40.18
517,Samsung,Samsung,50,Ultra HD (4K),LED,Not Specified,1282,157,4.1,12990,29990,Tizen,2025,56.69
518,Uniboom,Uniboom ULTIMA,43,Full HD,LED,30W Sonic Boom Speakers...,8304,929,4.0,13999,13999,Android,2025,0.0
519,TCL,TCL C755,55,Ultra HD (4K),LED,144Hz VRR and IMAX Enhanced,11,0,3.8,7490,549990,Google,2024,98.64
520,InnoQ,InnoQ Spectra,32,HD Ready,LED,30W Boom Speakers | 1000+ Smart Apps ...,7871,1808,4.5,7699,29999,Android,2024,74.34
521,Coocaa,Coocaa S4U Plus,32,HD Ready,LED,Not Specified,25710,2989,4.2,28990,28990,Coolita,2025,0.0
522,LG,LG Nanocell,75,Ultra HD (4K),LED,Not Specified,31,6,4.5,12989,22990,webOS,2020,43.5
523,Reliance,Reliance,32,Full HD,LED,Fremless Design and Magic Voice Remote.,1282,157,4.1,7590,89999,webOS,2024,91.57
524,Uniboom,Uniboom ULTIMA,32,HD Ready,LED,30W Sonic Boom Speakers...,8304,929,4.0,5890,97990,Android,2025,93.99
525,InnoQ,InnoQ Sounbar,24,HD Ready,LED,30W Front Boom Speakers | 1000+ Smart...,27096,4106,4.4,22990,22990,Android,2024,0.0
526,Hisense,Hisense U6K,55,Ultra HD (4K),LED,"Full Array Local Dimming, Hands F...",1052,110,4.1,27999,41999,Google,2023,33.33
528,Uniboom,Uniboom ULTIMA,24,HD Ready,LED,30W Sounbar Edition - A...,9842,1303,4.3,24999,34990,Android,2025,28.55
529,Acer,Acer H PRO Series,43,Ultra HD (4K),LED,"76W PRO Speakers, Dolby Visi...",27,3,4.3,31999,34999,Google,2023,8.57
530,Hisense,Hisense E6N,55,Ultra HD (4K),LED,"Atmos, Dts Virtual X",1052,110,4.1,19999,299900,Google,2024,93.33
531,TOSHIBA,TOSHIBA,43,Full HD,LED,DTS X,5721,807,4.2,17999,44999,Android,2023,60.0
533,SONY,Unknown,55,Ultra HD (4K),LED,"Advanced AI Processor XR, Stu...",9842,1303,4.3,21999,59990,Google,2024,63.33
534,Hisense,Hisense E6N,43,Ultra HD (4K),LED,"Dolby Vision Atmos, Dts Virtual X ...",1695,365,4.2,28999,499990,Google,2024,94.2
535,TOSHIBA,TOSHIBA,50,Ultra HD (4K),LED,"Dolby Atmos, 30W Powerful...",10238,1152,4.0,22999,22999,Google,2025,0.0
536,Sansui,Sansui,55,Ultra HD (4K),LED,Not Specified,3,0,5.0,40400,40400,Google,2024,0.0
537,LG,LG Nanocell,75,Ultra HD (4K),LED,Not Specified,951,148,4.1,10499,19999,webOS,2019,47.5
538,PHILIPS,PHILIPS Frameless,32,HD Ready,LED,Not Specified,25710,2989,4.2,27490,40990,Google,2025,32.93
539,Samsung,Samsung,43,Full HD,LED,300+ Free Channels | HDR | PurColor | Dolby D...,6,1,3.8,13499,24000,TizenFull,2024,43.75
540,Coocaa,Coocaa S4U Plus,43,Full HD,LED,Not Specified,1282,157,4.1,12990,96900,Coolita,2025,86.59
541,Uniboom,Uniboom ULTIMA,43,Full HD,LED,30W Sonic Boom Speakers...,12,4,4.5,11999,29990,Android,2025,59.99
543,Sansui,Sansui,70,Ultra HD (4K),LED,Dolby Vision & Atmos | DTS Sound | Zen ...,25710,2989,4.2,7490,249990,Google,2023,97.0
544,InnoQ,InnoQ Spectra,32,HD Ready,LED,30W Boom Speakers | 1000+ Smart Apps ...,10,0,3.7,7699,15990,Android,2024,51.85
545,Coocaa,Coocaa S4U Plus,32,HD Ready,LED,Not Specified,3,2,3.3,28990,28990,Coolita,2025,0.0
546,SONY,Unknown,55,Ultra HD (4K),LED,"Advanced AI Processor XR,...",1282,157,4.1,8201,147990,Google,2024,94.46
548,Uniboom,Uniboom ULTIMA,32,HD Ready,LED,30W Sonic Boom Speakers...,7,1,3.3,22990,22990,Android,2025,0.0
549,Samsung,Samsung BU8570UL,65,Ultra HD (4K),LED,Not Specified,1282,157,4.1,5890,109999,Tizen,2022,94.65
550,InnoQ,InnoQ Sounbar,24,HD Ready,LED,30W Front Boom Speakers | 1000+ Smart...,9,1,4.2,5890,34999,Android,2024,83.17
551,Uniboom,Uniboom ULTIMA,24,HD Ready,LED,30W Sounbar Edition - A...,9842,1303,4.3,59999,59999,Android,2025,0.0
552,Hisense,Hisense U6K,65,Ultra HD (4K),LED,"Full Array Local Dimming, Hands F...",5721,807,4.2,28999,34990,Google,2023,17.12
553,XIAOMI,XIAOMI by Mi 4X,43,Ultra HD (4K),LED,Not Specified,63,9,3.8,31999,43990,Android,2019,27.26
554,Hisense,Hisense E6N,55,Ultra HD (4K),LED,"Atmos, Dts Virtual X",9842,1303,4.3,19999,33790,Google,2024,40.81
555,TOSHIBA,TOSHIBA,43,Full HD,LED,DTS X,1695,365,4.2,30990,44999,Android,2023,31.13
557,Haier,Haier,32,HD Ready,LED,"features Gogle Assistant, streaming services, ...",4,0,4.0,21999,22999,Google,2023,4.35
558,Hisense,Hisense E6N,43,Ultra HD (4K),LED,"Dolby Vision Atmos, Dts Virtual X ...",951,148,4.1,19999,19999,Google,2024,0.0
559,TOSHIBA,TOSHIBA Z670MP,85,Ultra HD (4K),LED,256 Zones Full Array Local Dimm...,8,1,3.1,10499,274900,VIDAA,2023,96.18
560,PHILIPS,PHILIPS Frameless,32,HD Ready,LED,Not Specified,25710,2989,4.2,13499,58990,Google,2025,77.12
561,Coocaa,Coocaa S4U Plus,43,Full HD,LED,Not Specified,1282,157,4.1,40990,40990,Coolita,2025,0.0
562,Samsung,Samsung Q Series,55,Ultra HD (4K),LED,Not Specified,62,12,4.2,29990,29990,Tizen,2018,0.0
564,Uniboom,Uniboom ULTIMA,43,Full HD,LED,30W Sonic Boom Speakers...,25710,2989,4.2,7490,69999,Android,2025,89.3
565,InnoQ,InnoQ Spectra,32,HD Ready,LED,30W Boom Speakers | 1000+ Smart Apps ...,1282,157,4.1,13372,13999,Android,2024,4.48
566,Haier,Haier,32,HD Ready,LED,Not Specified,6,0,4.3,28990,28990,Linux,2022,0.0
567,Blaupunkt,Blaupunkt CyberSound G2 Series,65,Ultra HD (4K),LED,Dolby Atmos & 6...,8304,929,4.0,7699,22990,Google,2023,66.51
568,Coocaa,Coocaa S4U Plus,32,HD Ready,LED,Not Specified,1282,157,4.1,7590,45000,Coolita,2025,83.13
569,Samsung,Samsung,32,HD Ready,LED,Not Specified,9,3,4.2,5890,29990,Tizen,2022,80.36
570,Uniboom,Uniboom ULTIMA,32,HD Ready,LED,30W Sonic Boom Speakers...,9842,1303,4.3,22990,22990,Android,2025,0.0
571,InnoQ,InnoQ Sounbar,24,HD Ready,LED,30W Front Boom Speakers | 1000+ Smart...,5721,807,4.2,23990,59999,Android,2024,60.02
573,Sansui,Sansui,40,Full HD,LED,Android 11 & Dolby Audio (Midnight Black),5,0,3.4,20990,20990,Android,2020,0.0
574,Uniboom,Uniboom ULTIMA,24,HD Ready,LED,30W Sounbar Edition - A...,9842,1303,4.3,12999,34990,Android,2025,62.85
575,Hisense,Hisense E6N,55,Ultra HD (4K),LED,"Atmos, Dts Virtual X",30797,4898,4.1,11599,59990,Google,2024,80.67
577,Sansui,Sansui,32,HD Ready,LED,Not Specified,6295,918,4.3,35990,49999,Android,2023,28.02
578,TOSHIBA,TOSHIBA,43,Full HD,LED,DTS X,951,148,4.1,10499,10499,Android,2023,0.0
579,Reliance,Reliance,55,Ultra HD (4K),LED,Fremless Design and Voice Remote.,25710,2989,4.2,18999,18999,Google,2024,0.0
580,Hisense,Hisense E6N,43,Ultra HD (4K),LED,"Dolby Vision Atmos, Dts Virtual X ...",2,1,1.0,5499,22999,Google,2024,76.09
581,TOSHIBA,TOSHIBA,50,Ultra HD (4K),LED,"Dolby Atmos, 30W Powerful...",1282,157,4.1,8299,19999,Google,2025,58.5
584,PHILIPS,PHILIPS Frameless,32,HD Ready,LED,Not Specified,25710,2989,4.2,26889,40990,Google,2025,34.4
585,Coocaa,Coocaa S4U Plus,43,Full HD,LED,Not Specified,1282,157,4.1,35449,35449,Coolita,2025,0.0
588,Uniboom,Uniboom ULTIMA,43,Full HD,LED,30W Sonic Boom Speakers...,95910,6457,4.3,7490,379990,Android,2025,98.03
589,SONY,SONY Bravia,32,HD Ready,LED,Alexa Compatibility,1282,157,4.1,7699,25490,Google,2022,69.8
590,InnoQ,InnoQ Spectra,32,HD Ready,LED,30W Boom Speakers | 1000+ Smart Apps ...,152,4,3.9,28990,28990,Android,2024,0.0
591,Coocaa,Coocaa S4U Plus,32,HD Ready,LED,Not Specified,5721,807,4.2,15289,22990,Coolita,2025,33.5
592,TCL,TCL C72K,75,Ultra HD (4K),LED,Precise Dimming Ser...,9842,1303,4.3,7590,54999,Google,2025,86.2
594,Uniboom,Uniboom ULTIMA,32,HD Ready,LED,30W Sonic Boom Speakers...,9842,1303,4.3,22990,22990,Android,2025,0.0
595,InnoQ,InnoQ Sounbar,24,HD Ready,LED,30W Front Boom Speakers | 1000+ Smart...,1695,365,4.2,14327,17990,Android,2024,20.36
598,Uniboom,Uniboom ULTIMA,24,HD Ready,LED,30W Sounbar Edition - A...,951,148,4.1,19990,19990,Android,2025,0.0
600,Hisense,Hisense E6N,55,Ultra HD (4K),LED,"Atmos, Dts Virtual X",25710,2989,4.2,8447,44999,Google,2024,81.23
601,TOSHIBA,TOSHIBA,43,Full HD,LED,DTS X,82,4,4.0,10499,49999,Android,2023,79.0
604,Hisense,Hisense E6N,43,Ultra HD (4K),LED,"Dolby Vision Atmos, Dts Virtual X ...",1282,157,4.1,22999,22999,Google,2024,0.0
605,TOSHIBA,TOSHIBA,50,Ultra HD (4K),LED,"Dolby Atmos, 30W Powerful...",8304,929,4.0,11499,27000,Google,2025,57.41
606,TCL,TCL C7K,65,Ultra HD (4K),LED,Audio by Bang & Oluf...,25710,2989,4.2,10499,19999,Google,2025,47.5
608,PHILIPS,PHILIPS Frameless,32,HD Ready,LED,Not Specified,1282,157,4.1,13499,24490,Google,2025,44.88
610,Coocaa,Coocaa S4U Plus,43,Full HD,LED,Not Specified,1282,157,4.1,13999,13999,Coolita,2025,0.0
611,Uniboom,Uniboom ULTIMA,43,Full HD,LED,30W Sonic Boom Speakers...,5721,807,4.2,14849,26990,Android,2025,44.98
614,InnoQ,InnoQ Spectra,32,HD Ready,LED,30W Boom Speakers | 1000+ Smart Apps ...,1282,157,4.1,16990,34990,Android,2024,51.44
615,Coocaa,Coocaa S4U Plus,32,HD Ready,LED,Not Specified,1886,221,4.2,12899,22990,Coolita,2025,43.89
617,Haier,Haier,32,HD Ready,LED,Dolby Audio,1282,157,4.1,19480,25490,Not Specified,2021,23.58
618,Uniboom,Uniboom ULTIMA,32,HD Ready,LED,30W Sonic Boom Speakers...,1886,221,4.2,5890,19999,Android,2025,70.55
619,Sansui,Unknown,40,Full HD,LED,Zen Panel Dolby Audio,4436,728,4.2,5890,59999,Not Specified,2023,90.18
620,InnoQ,InnoQ Sounbar,24,HD Ready,LED,30W Front Boom Speakers | 1000+ Smart...,25710,2989,4.2,17190,34990,Android,2024,50.87
621,Uniboom,Uniboom ULTIMA,24,HD Ready,LED,30W Sounbar Edition - A...,2,1,3.5,13999,19999,Android,2025,30.0
623,iMEE,iMEE Elite,32,HD Ready,LED,SRS Surround Sound (BEE 5 Star),1282,157,4.1,19999,44999,Android,2021,55.56
624,Hisense,Hisense E6N,55,Ultra HD (4K),LED,"Atmos, Dts Virtual X",610,68,4.3,13999,14990,Google,2024,6.61
625,TOSHIBA,TOSHIBA,43,Full HD,LED,DTS X,9842,1303,4.3,8947,49999,Android,2023,82.11
626,iMEE,iMEE Elite,32,HD Ready,LED,SRS Surround Sound (BEE 5 Star),5721,807,4.2,21999,59999,Android,2021,63.33
628,Hisense,Hisense E6N,43,Ultra HD (4K),LED,"Dolby Vision Atmos, Dts Virtual X ...",687,87,4.1,28999,40900,Google,2024,29.1
629,Thomson,Thomson R9,32,HD Ready,LED,Not Specified,9842,1303,4.3,22999,22999,Not Specified,2018,0.0
630,TOSHIBA,TOSHIBA,50,Ultra HD (4K),LED,"Dolby Atmos, 30W Powerful...",1049,135,4.4,10599,19999,Google,2025,47.0
631,Hisense,Hisense 50E7Q,50,Ultra HD (4K),LED,"Dolby Vision Atmos,...",1695,365,4.2,26800,27399,VIDAA,2025,2.19
633,Haier,Unknown,43,Full HD,LED,Not Specified,871,78,4.3,13499,40990,Android,2022,67.07
634,PHILIPS,PHILIPS Frameless,32,HD Ready,LED,Not Specified,951,148,4.1,18999,66900,Google,2025,71.6
635,Coocaa,Coocaa S4U Plus,43,Full HD,LED,Not Specified,25710,2989,4.2,14199,29990,Coolita,2025,52.65
637,iMEE,iMEE Supreme,32,HD Ready,LED,Not Specified,11281,2790,4.5,47999,47999,Android,2022,0.0
638,Uniboom,Uniboom ULTIMA,43,Full HD,LED,30W Sonic Boom Speakers...,82,4,4.0,7490,110990,Android,2025,93.25
639,Samsung,Samsung Series 5,49,Full HD,LED,Not Specified,102,13,4.5,7699,28990,Not Specified,2018,73.44
640,InnoQ,InnoQ Spectra,32,HD Ready,LED,30W Boom Speakers | 1000+ Smart Apps ...,1282,157,4.1,22990,22990,Android,2024,0.0
641,Coocaa,Coocaa S4U Plus,32,HD Ready,LED,Not Specified,8304,929,4.0,49490,154990,Coolita,2025,68.07
643,Haier,Haier,55,Ultra HD (4K),LED,Not Specified,25710,2989,4.2,5890,22990,Google,2023,74.38
644,Uniboom,Uniboom ULTIMA,32,HD Ready,LED,30W Sonic Boom Speakers...,1282,157,4.1,18117,18117,Android,2025,0.0
645,InnoQ,InnoQ Sounbar,24,HD Ready,LED,30W Front Boom Speakers | 1000+ Smart...,9,1,4.6,26989,34990,Android,2024,22.87
646,LG,LG OLED C2,48,Ultra HD (4K),LED,"Alpha9 AI, AI Pic...",45704,5375,4.2,5890,59999,webOS,2023,90.18
647,XIAOMI,XIAOMI by Mi A series,43,Full HD,LED,FHD | Dolby Audio | DTS : HD |...,8304,929,4.0,16999,59990,Google,2023,71.66
648,Uniboom,Uniboom ULTIMA,24,HD Ready,LED,30W Sounbar Edition - A...,1282,157,4.1,19999,59990,Android,2025,66.66
649,Samsung,Samsung,32,HD Ready,LED,Not Specified,5721,807,4.2,31999,44999,Linux,2019,28.89
650,TOSHIBA,TOSHIBA,43,Full HD,LED,DTS X,11,0,3.8,36990,49999,Android,2023,26.02
651,Hisense,Hisense E6N,55,Ultra HD (4K),LED,"Atmos, Dts Virtual X",3,0,1.3,39990,58992,Google,2024,32.21
652,LG,LG,43,Ultra HD (4K),LED,Not Specified,9842,1303,4.3,21999,25900,webOS,2024,15.06
653,Sansui,Sansui,55,Ultra HD (4K),LED,IPS Display | Dolby Vision & Atmos | D...,9842,1303,4.3,22999,22999,Google,2022,0.0
654,Hisense,Hisense E6N,43,Ultra HD (4K),LED,"Dolby Vision Atmos, Dts Virtual X ...",951,148,4.1,41294,94500,Google,2024,56.3
655,TOSHIBA,TOSHIBA,50,Ultra HD (4K),LED,"Dolby Atmos, 30W Powerful...",30,3,4.5,9500,19999,Google,2025,52.5
656,LG,LG,43,Ultra HD (4K),LED,2023 Model,25710,2989,4.2,10499,79999,webOS,2023,86.88
658,PHILIPS,PHILIPS Frameless,32,HD Ready,LED,Not Specified,271,28,4.5,13499,209990,Google,2025,93.57
659,Sansui,Sansui,70,Ultra HD (4K),LED,Not Specified,1282,157,4.1,38999,40990,Android,2022,4.86
660,Coocaa,Coocaa S4U Plus,43,Full HD,LED,Not Specified,8304,929,4.0,29990,29990,Coolita,2025,0.0
661,TOSHIBA,TOSHIBA,55,Ultra HD (4K),LED,"Full Array Local Dimming, 49W Power B...",36,6,4.5,89990,192990,Google,2024,53.37
662,Samsung,Samsung 6,43,Ultra HD (4K),LED,Not Specified,5,0,3.4,12990,13999,Tizen,2021,7.21
663,LG,LG Nanocell,65,Ultra HD (4K),LED,Not Specified,25710,2989,4.2,7490,49990,webOS,2020,85.02
664,Uniboom,Uniboom ULTIMA,43,Full HD,LED,30W Sonic Boom Speakers...,6,1,4.8,28990,28990,Android,2025,0.0
665,InnoQ,InnoQ Spectra,32,HD Ready,LED,30W Boom Speakers | 1000+ Smart Apps ...,1282,157,4.1,18999,22990,Android,2024,17.36
666,Samsung,Samsung,55,Ultra HD (4K),LED,Not Specified,8304,929,4.0,7699,28999,Tizen,2021,73.45
668,Coocaa,Coocaa S4U Plus,32,HD Ready,LED,Not Specified,6,1,4.8,7590,22990,Coolita,2025,66.99
669,Samsung,Samsung 7,43,Ultra HD (4K),LED,Not Specified,1282,157,4.1,5890,34990,Tizen,2021,83.17
670,Uniboom,Uniboom ULTIMA,32,HD Ready,LED,30W Sonic Boom Speakers...,5721,807,4.2,13300,119990,Android,2025,88.92
671,InnoQ,InnoQ Sounbar,24,HD Ready,LED,30W Front Boom Speakers | 1000+ Smart...,9842,1303,4.3,17500,17500,Android,2024,0.0
673,Samsung,Samsung,75,Ultra HD (4K),LED,Not Specified,9842,1303,4.3,19999,24999,Tizen,2022,20.0
674,Uniboom,Uniboom ULTIMA,24,HD Ready,LED,30W Sounbar Edition - A...,1695,365,4.2,19999,19999,Android,2025,0.0
675,TOSHIBA,TOSHIBA,43,Full HD,LED,DTS X,102,13,4.5,10430,40990,Android,2023,74.55
676,LG,LG Nanocell,55,Ultra HD (4K),LED,Not Specified,25710,2989,4.2,31999,459900,webOS,2021,93.04
678,Hisense,Hisense E6N,55,Ultra HD (4K),LED,"Atmos, Dts Virtual X",7,1,4.1,13499,28990,Google,2024,53.44
680,Coocaa,Coocaa S4U Plus,43,Full HD,LED,Not Specified,10,3,3.9,75000,75000,Coolita,2025,0.0
681,Uniboom,Uniboom ULTIMA,43,Full HD,LED,30W Sonic Boom Speakers...,1282,157,4.1,13999,13999,Android,2025,0.0
682,Samsung,Samsung QN800BK,65,Ultra HD (8K),LED,Not Specified,25710,2989,4.2,7490,279900,Tizen,2022,97.32
683,Samsung,Samsung The Frame,55,Ultra HD (4K),LED,Matte Display,8304,929,4.0,7590,22990,Tizen,2022,66.99
684,InnoQ,InnoQ Spectra,32,HD Ready,LED,30W Boom Speakers | 1000+ Smart Apps ...,1282,157,4.1,22990,22990,Android,2024,0.0
685,Uniboom,Uniboom ULTIMA,32,HD Ready,LED,30W Sonic Boom Speakers...,9842,1303,4.3,45999,60990,Android,2025,24.58
686,Samsung,Samsung The Frame,65,Ultra HD (4K),LED,Matte Display,5,0,4.6,7699,470900,Tizen,2022,98.37
688,Coocaa,Coocaa S4U Plus,32,HD Ready,LED,Not Specified,9842,1303,4.3,5890,34990,Coolita,2025,83.17
689,Samsung,Samsung Q70RAK,65,Ultra HD (4K),LED,Not Specified,18301,2014,4.4,5890,32999,Tizen,2019,82.15
690,InnoQ,InnoQ Sounbar,24,HD Ready,LED,30W Front Boom Speakers | 1000+ Smart...,49,15,3.9,38990,99999,Android,2024,61.01
691,Uniboom,Uniboom ULTIMA,24,HD Ready,LED,30W Sounbar Edition - A...,1695,365,4.2,44999,44999,Android,2025,0.0
692,Haier,Haier,55,Ultra HD (4K),LED,Not Specified,6295,918,4.3,31999,134990,Google,2023,76.3
693,Samsung,Samsung Q Series,65,Ultra HD (4K),LED,Not Specified,1121,109,4.3,19999,49999,Tizen,2017,60.0
694,Hisense,Hisense E6N,55,Ultra HD (4K),LED,"Atmos, Dts Virtual X",7,1,4.1,19999,59999,Google,2024,66.67
695,TOSHIBA,TOSHIBA,43,Full HD,LED,DTS X,951,148,4.1,45999,99990,Android,2023,54.0
696,Acer,Acer Advanced I Series,43,Full HD,LED,"30W Audio, 16GB Storage, HDR1...",4,0,4.0,21999,73000,Google,2023,69.86
697,Coocaa,Coocaa Frameless,65,Ultra HD (4K),LED,HDR 10 Dolby Audio and Eye ca...,25710,2989,4.2,22999,22999,Google,2022,0.0
698,Hisense,Hisense E6N,43,Ultra HD (4K),LED,"Dolby Vision Atmos, Dts Virtual X ...",1282,157,4.1,19999,19999,Google,2024,0.0
699,LG,LG NANO73,65,Ultra HD (4K),LED,Magic Remote Control,10,3,3.9,29999,59490,webOS,2022,49.57
700,TOSHIBA,TOSHIBA,50,Ultra HD (4K),LED,"Dolby Atmos, 30W Powerful...",8304,929,4.0,45999,45999,Google,2025,0.0
701,Hisense,Hisense 50E7Q,50,Ultra HD (4K),LED,"Dolby Vision Atmos,...",25710,2989,4.2,42000,79999,VIDAA,2025,47.5
702,Samsung,Samsung,55,Ultra HD (4K),LED,"Quantum Processor, 100% Color...",1282,157,4.1,10499,249990,Tizen,2023,95.8
704,PHILIPS,PHILIPS Frameless,32,HD Ready,LED,Not Specified,1282,157,4.1,29990,29990,Google,2025,0.0
705,Coocaa,Coocaa S4U Plus,43,Full HD,LED,Not Specified,19,7,4.3,27990,27990,Coolita,2025,0.0
706,LG,Unknown,43,Ultra HD (4K),LED,Not Specified,7,1,4.1,38999,99990,webOS,2021,61.0
707,Blaupunkt,Blaupunkt Quantum Dot,50,Ultra HD (4K),LED,Dolby Atmo...,9842,1303,4.3,13999,13999,Google,2025,0.0
708,TOSHIBA,TOSHIBA,55,Ultra HD (4K),LED,"Full Array Local Dimming, 49W Power B...",5721,807,4.2,12990,28990,Google,2024,55.19
709,LG,LG,55,Ultra HD (4K),LED,Not Specified,31,6,4.1,7490,319990,webOS,2020,97.66
710,Uniboom,Uniboom ULTIMA,43,Full HD,LED,30W Sonic Boom Speakers...,9842,1303,4.3,10390,29999,Android,2025,65.37
711,InnoQ,InnoQ Spectra,32,HD Ready,LED,30W Boom Speakers | 1000+ Smart Apps ...,5,0,4.6,22990,22990,Android,2024,0.0
713,LG,LG Nanocell,49,Ultra HD (4K),LED,Not Specified,25710,2989,4.2,7590,22990,webOS,2020,66.99
714,Coocaa,Coocaa S4U Plus,32,HD Ready,LED,Not Specified,1282,157,4.1,34990,34990,Coolita,2025,0.0
715,Uniboom,Uniboom ULTIMA,32,HD Ready,LED,30W Sonic Boom Speakers...,8304,929,4.0,26990,26990,Android,2025,0.0
716,LG,LG OLED C2,65,Ultra HD (4K),LED,"Alpha9 AI, AI Pic...",8,2,4.8,5890,94900,webOS,2023,93.79
717,realme,realme,43,Full HD,LED,Not Specified,9,1,4.6,59999,59999,Android,2020,0.0
718,InnoQ,InnoQ Sounbar,24,HD Ready,LED,30W Front Boom Speakers | 1000+ Smart...,25710,2989,4.2,5890,44999,Android,2024,86.91
719,SONY,SONY Bravia,50,Ultra HD (4K),LED,Not Specified,43,5,4.6,19999,115990,Google,2022,82.76
720,Uniboom,Uniboom ULTIMA,24,HD Ready,LED,30W Sounbar Edition - A...,1282,157,4.1,13372,24990,Android,2025,46.49
721,TOSHIBA,TOSHIBA,43,Full HD,LED,DTS X,8304,929,4.0,22999,22999,Android,2023,0.0
722,Haier,Haier,32,HD Ready,LED,Not Specified,16,8,4.3,31999,38990,Linux,2022,17.93
723,Samsung,Samsung The Frame,50,Ultra HD (4K),LED,2024 Model,1282,157,4.1,19999,19999,Tizen,2024,0.0
724,Hisense,Hisense E6N,55,Ultra HD (4K),LED,"Atmos, Dts Virtual X",9842,1303,4.3,65990,79999,Google,2024,17.51
725,Hisense,Hisense E6N,43,Ultra HD (4K),LED,"Dolby Vision Atmos, Dts Virtual X ...",4,1,5.0,19990,84990,Google,2024,76.48
726,Samsung,Samsung 7,65,Ultra HD (4K),LED,Not Specified,8,2,4.4,10499,99999,Tizen,2021,89.5
728,PHILIPS,PHILIPS Frameless,32,HD Ready,LED,Not Specified,9842,1303,4.3,13499,29990,Google,2025,54.99
729,Haier,Haier,43,Full HD,LED,Not Specified,1695,365,4.2,38999,119990,Android,2020,67.5
730,Coocaa,Coocaa S4U Plus,43,Full HD,LED,Not Specified,18301,2014,4.4,19999,19999,Coolita,2025,0.0
731,TOSHIBA,TOSHIBA,55,Ultra HD (4K),LED,"Full Array Local Dimming, 49W Power B...",18,3,3.6,13999,13999,Google,2024,0.0
732,LG,LG QNED 75,43,Ultra HD (4K),LED,"Alpha5 AI, AI Pic...",7,1,3.6,12990,219990,webOS,2024,94.1
733,Haier,Haier,58,Ultra HD (4K),LED,Not Specified,16,0,4.5,7490,28990,Android,2021,74.16
734,Uniboom,Uniboom ULTIMA,43,Full HD,LED,30W Sonic Boom Speakers...,3,0,2.0,22990,22990,Android,2025,0.0
735,InnoQ,InnoQ Spectra,32,HD Ready,LED,30W Boom Speakers | 1000+ Smart Apps ...,481,49,4.3,8947,34990,Android,2024,74.43
736,TCL,TCL C6K,55,Ultra HD (4K),LED,512+ Local Dimming Z...,40,12,4.5,7699,84990,Google,2025,90.94
738,Coocaa,Coocaa S4U Plus,32,HD Ready,LED,Not Specified,16,1,3.5,7590,34990,Coolita,2025,78.31
739,Samsung,Samsung QN90BAKL,55,Ultra HD (4K),LED,Not Specified,5,0,3.8,5890,239900,Tizen,2022,97.54
740,Uniboom,Uniboom ULTIMA,32,HD Ready,LED,30W Sonic Boom Speakers...,28,3,3.6,19480,41490,Android,2025,53.05
741,InnoQ,InnoQ Sounbar,24,HD Ready,LED,30W Front Boom Speakers | 1000+ Smart...,3,0,3.7,56890,59999,Android,2024,5.18
742,Sansui,Unknown,40,Full HD,LED,Zen Panel Dolby Audio,28,3,3.6,5890,23240,Not Specified,2023,74.66
743,SONY,SONY Bravia,50,Ultra HD (4K),LED,Not Specified,28,3,3.6,19999,44999,Not Specified,2021,55.56
744,Uniboom,Uniboom ULTIMA,24,HD Ready,LED,30W Sounbar Edition - A...,9,2,4.0,49999,49999,Android,2025,0.0
745,TOSHIBA,TOSHIBA,43,Full HD,LED,DTS X,8,1,4.8,24090,249990,Android,2023,90.36
746,Samsung,Samsung,75,Ultra HD (4K),LED,Not Specified,3204,629,4.1,31999,164990,Tizen,2022,80.61
748,Hisense,Hisense E6N,55,Ultra HD (4K),LED,"Atmos, Dts Virtual X",0,0,0.0,21999,40990,Google,2024,46.33
749,LG,Unknown,32,Full HD,LED,Not Specified,0,0,0.0,28999,254990,webOS,2022,88.63
750,Hisense,Hisense E6N,43,Ultra HD (4K),LED,"Dolby Vision Atmos, Dts Virtual X ...",0,0,0.0,67990,67990,Google,2024,0.0
751,TOSHIBA,TOSHIBA,50,Ultra HD (4K),LED,"Dolby Atmos, 30W Powerful...",0,0,0.0,29990,29990,Google,2025,0.0
752,LG,LG,55,Ultra HD (4K),LED,Not Specified,0,0,0.0,13499,249900,webOS,2020,94.6
753,LG,LG,70,Ultra HD (4K),LED,Not Specified,0,0,0.0,12990,28990,webOS,2022,55.19
754,Coocaa,Coocaa S4U Plus,43,Full HD,LED,Not Specified,0,0,0.0,13999,13999,Coolita,2025,0.0
755,Uniboom,Uniboom ULTIMA,43,Full HD,LED,30W Sonic Boom Speakers...,0,0,0.0,45990,45990,Android,2025,0.0
756,LG,LG Nanocell,65,Ultra HD (4K),LED,Not Specified,0,0,0.0,7490,11999,webOS,2020,37.58
757,LG,LG,50,Ultra HD (4K),LED,WebOS | ThinQ AI | 4K Upscaling,0,0,0.0,22990,22990,webOS,2023,0.0
758,InnoQ,InnoQ Spectra,32,HD Ready,LED,30W Boom Speakers | 1000+ Smart Apps ...,0,0,0.0,7590,22990,Android,2024,66.99
759,SONY,Unknown,55,Ultra HD (4K),LED,Not Specified,0,0,0.0,7699,82900,Android,2019,90.71
760,Coocaa,Coocaa S4U Plus,32,HD Ready,LED,Not Specified,0,0,0.0,6599,59999,Coolita,2025,89.0
761,Haier,Haier,43,Full HD,LED,Not Specified,0,0,0.0,5890,324990,Not Specified,2021,98.19
762,iMEE,iMEE,24,HD Ready,LED,MATAL BODY,0,0,0.0,5890,34990,Android,2024,83.17
763,InnoQ,InnoQ Sounbar,24,HD Ready,LED,30W Front Boom Speakers | 1000+ Smart...,0,0,0.0,44999,44999,Android,2024,0.0
764,Uniboom,Uniboom ULTIMA,24,HD Ready,LED,30W Sounbar Edition - A...,0,0,0.0,119990,119990,Android,2025,0.0
765,Samsung,Unknown,55,Ultra HD (4K),LED,TABLE MOUNT,0,0,0.0,31999,155000,Tizen,2023,79.36
766,Samsung,Unknown,98,Ultra HD (4K),LED,Not Specified,0,0,0.0,49999,49999,Tizen,2024,0.0
767,Hisense,Hisense E6N,55,Ultra HD (4K),LED,"Atmos, Dts Virtual X",0,0,0.0,19999,59999,Google,2024,66.67
768,LG,LG OLED,55,Ultra HD (4K),LED,Not Specified,0,0,0.0,21999,23990,webOS,2017,8.3
769,TOSHIBA,TOSHIBA,43,Full HD,LED,DTS X,0,0,0.0,69990,254990,Android,2023,72.55
770,Hisense,Hisense E6N,43,Ultra HD (4K),LED,"Dolby Vision Atmos, Dts Virtual X ...",0,0,0.0,22999,22999,Google,2024,0.0
771,LG,LG,65,Ultra HD (4K),LED,Not Specified,0,0,0.0,28999,589900,webOS,2021,95.08
773,TOSHIBA,TOSHIBA,50,Ultra HD (4K),LED,"Dolby Atmos, 30W Powerful...",0,0,0.0,17499,40990,Google,2025,57.31
774,Hisense,Hisense 50E7Q,50,Ultra HD (4K),LED,"Dolby Vision Atmos,...",0,0,0.0,67990,67990,VIDAA,2025,0.0
775,LG,LG,32,HD Ready,LED,Not Specified,0,0,0.0,10499,249900,Linux,2018,95.8
776,LG,LG Nanocell,65,Ultra HD (4K),LED,Not Specified,0,0,0.0,29990,29990,webOS,2020,0.0
777,PHILIPS,PHILIPS Frameless,32,HD Ready,LED,Not Specified,0,0,0.0,13499,13999,Google,2025,3.57
778,Samsung,Samsung QN90BAK,75,Ultra HD (4K),LED,Not Specified,0,0,0.0,12990,45990,Tizen,2022,71.75
779,Coocaa,Coocaa S4U Plus,43,Full HD,LED,Not Specified,0,0,0.0,11999,11999,Coolita,2025,0.0
780,Uniboom,Uniboom ULTIMA,43,Full HD,LED,30W Sonic Boom Speakers...,0,0,0.0,28990,28990,Android,2025,0.0
781,LG,LG,50,Ultra HD (4K),LED,WebOS | ThinQ AI | 4K Upscaling,0,0,0.0,7490,82900,webOS,2023,90.97
782,SONY,Unknown,55,Ultra HD (4K),LED,Not Specified,0,0,0.0,7699,22990,Android,2019,66.51
783,InnoQ,InnoQ Spectra,32,HD Ready,LED,30W Boom Speakers | 1000+ Smart Apps ...,0,0,0.0,22990,22990,Android,2024,0.0
784,Coocaa,Coocaa S4U Plus,32,HD Ready,LED,Not Specified,0,0,0.0,6599,67324,Coolita,2025,90.2
785,Haier,Haier,43,Full HD,LED,Not Specified,0,0,0.0,7590,164900,Not Specified,2021,95.4
786,iMEE,iMEE,24,HD Ready,LED,MATAL BODY,0,0,0.0,52990,59999,Android,2024,11.68
787,Uniboom,Uniboom ULTIMA,32,HD Ready,LED,30W Sonic Boom Speakers...,0,0,0.0,5890,34990,Android,2025,83.17
788,Samsung,Unknown,55,Ultra HD (4K),LED,TABLE MOUNT,0,0,0.0,5890,41666,Tizen,2023,85.86
789,Uniboom,Uniboom ULTIMA,24,HD Ready,LED,30W Sounbar Edition - A...,0,0,0.0,44999,44999,Android,2025,0.0
790,LG,Unknown,55,Ultra HD (4K),LED,Not Specified,0,0,0.0,31999,324990,webOS,2022,90.15
791,Samsung,Samsung,50,Ultra HD (4K),QLED,Not Specified,0,0,0.0,19999,22999,Tizen,2023,13.04
792,Hisense,Hisense E6N,55,Ultra HD (4K),LED,"Atmos, Dts Virtual X",0,0,0.0,19999,19999,Google,2024,0.0
793,TOSHIBA,TOSHIBA,43,Full HD,LED,DTS X,0,0,0.0,104990,104990,Android,2023,0.0
795,Samsung,Unknown,98,Ultra HD (4K),LED,Not Specified,0,0,0.0,40990,40990,Tizen,2024,0.0
796,Hisense,Hisense E6N,43,Ultra HD (4K),LED,"Dolby Vision Atmos, Dts Virtual X ...",0,0,0.0,10499,29990,Google,2024,64.99
797,LG,LG OLED,55,Ultra HD (4K),LED,Not Specified,0,0,0.0,13499,89990,webOS,2017,85.0
798,PHILIPS,PHILIPS Frameless,32,HD Ready,LED,Not Specified,0,0,0.0,63210,319990,Google,2025,80.25
799,Coocaa,Coocaa S4U Plus,43,Full HD,LED,Not Specified,0,0,0.0,13999,13999,Coolita,2025,0.0
801,Samsung,Samsung QN700BK,65,Ultra HD (8K),LED,Not Specified,0,0,0.0,7490,28990,Tizen,2022,74.16
802,Uniboom,Uniboom ULTIMA,43,Full HD,LED,30W Sonic Boom Speakers...,0,0,0.0,22990,22990,Android,2025,0.0
803,InnoQ,InnoQ Spectra,32,HD Ready,LED,30W Boom Speakers | 1000+ Smart Apps ...,0,0,0.0,169990,249990,Android,2024,32.0
804,LG,Unknown,55,Ultra HD (4K),LED,"True Cinema Experience, Unlimited Entertai...",0,0,0.0,7699,125900,webOS,2021,93.88
805,LG,LG OLED C2,65,Ultra HD (4K),LED,"Alpha9 AI, AI Pic...",0,0,0.0,22990,22990,webOS,2023,0.0
806,Coocaa,Coocaa S4U Plus,32,HD Ready,LED,Not Specified,0,0,0.0,7590,59999,Coolita,2025,87.35
807,Samsung,Samsung Q60RAK,49,Ultra HD (4K),LED,Not Specified,0,0,0.0,5890,219990,Tizen,2019,97.32
808,Uniboom,Uniboom ULTIMA,32,HD Ready,LED,30W Sonic Boom Speakers...,0,0,0.0,129990,219900,Android,2025,40.89
809,InnoQ,InnoQ Sounbar,24,HD Ready,LED,30W Front Boom Speakers | 1000+ Smart...,0,0,0.0,34990,34990,Android,2024,0.0
810,Haier,Haier M80,75,Ultra HD (4K),LED,"Dolby Vision, 2.1 ...",0,0,0.0,5890,135900,Google,2025,95.67
811,Samsung,Samsung,50,Ultra HD (4K),LED,Not Specified,0,0,0.0,31999,44999,Tizen,2016,28.89
812,Uniboom,Uniboom ULTIMA,24,HD Ready,LED,30W Sounbar Edition - A...,0,0,0.0,49999,49999,Android,2025,0.0
813,Hisense,Hisense E6N,55,Ultra HD (4K),LED,"Atmos, Dts Virtual X",0,0,0.0,114900,135900,Google,2024,15.45
814,LG,LG,55,Ultra HD (4K),LED,Not Specified,0,0,0.0,19999,59990,webOS,2022,66.66
815,LG,Unknown,55,Ultra HD (4K),LED,Not Specified,0,0,0.0,14999,14999,webOS,2022,0.0
816,TOSHIBA,TOSHIBA,43,Full HD,LED,DTS X,0,0,0.0,21999,87318,Android,2023,74.81
817,Samsung,Samsung 8,65,Ultra HD (4K),LED,Not Specified,0,0,0.0,28999,86900,Tizen,2021,66.63
818,Hisense,Hisense E6N,43,Ultra HD (4K),LED,"Dolby Vision Atmos, Dts Virtual X ...",0,0,0.0,10999,10999,Google,2024,0.0
819,TOSHIBA,TOSHIBA,50,Ultra HD (4K),LED,"Dolby Atmos, 30W Powerful...",0,0,0.0,36990,48990,Google,2025,24.49
820,Samsung,Samsung,65,Ultra HD (4K),LED,Not Specified,0,0,0.0,8499,16999,Tizen,2021,50.0
821,LG,LG,43,Ultra HD (4K),LED,Not Specified,0,0,0.0,13999,13999,webOS,2021,0.0
823,Samsung,Samsung,55,Ultra HD (4K),LED,Not Specified,0,0,0.0,6921,137900,Tizen,2022,94.98
824,Samsung,Unknown,55,Ultra HD (4K),LED,Not Specified,0,0,0.0,36990,335990,Tizen,2021,88.99
827,Coocaa,Coocaa,32,HD Ready,LED,Not Specified,0,0,0.0,45990,78900,Google,2025,41.71
828,Coocaa,Coocaa S4U Plus,32,HD Ready,LED,Not Specified,0,0,0.0,18999,18999,Coolita,2025,0.0
829,TCL,TCL,43,Full HD,LED,"FULLY ANDROID TV, 00,000 HOURS+ OF STREAM...",0,0,0.0,71890,89990,Android,2024,20.11
830,LG,Unknown,32,Full HD,LED,LG,0,0,0.0,18999,18999,webOS,2024,0.0
831,Samsung,Samsung,65,Ultra HD (4K),LED,Not Specified,0,0,0.0,18999,18999,Tizen,2022,0.0
832,Haier,Haier C90,65,Ultra HD (4K),LED,Dolby Vision IQ |2.1 C...,0,0,0.0,27999,189566,Google,2025,85.23
833,iMEE,iMEE Elite,43,HD Ready,LED,SRS Surround Sound (BEE 5 Star),0,0,0.0,46890,239990,Android,2021,80.46
834,iMEE,iMEE Elite,43,HD Ready,LED,SRS Surround Sound (BEE 5 Star),0,0,0.0,10914,72900,Android,2021,85.03
835,Samsung,Samsung,50,Ultra HD (4K),LED,Not Specified,0,0,0.0,44000,44000,Tizen,2021,0.0
836,iMEE,iMEE Premium,32,HD Ready,LED,SRS Surround Sound (BEE 5 Star),0,0,0.0,11899,45900,Android,2021,74.08
837,Samsung,Samsung 6,50,Ultra HD (4K),LED,Not Specified,0,0,0.0,12999,139990,Tizen,2021,90.71
838,iMEE,iMEE Premium,32,HD Ready,LED,SRS Surround Sound (BEE 5 Star),0,0,0.0,124890,124890,Android,2021,0.0
839,iMEE,iMEE Premium,32,HD Ready,LED,SRS Surround Sound (BEE 5 Star),0,0,0.0,99990,99990,Android,2021,0.0
840,Samsung,Unknown,55,Ultra HD (4K),LED,Not Specified,0,0,0.0,44990,44990,Tizen,2024,0.0
841,TCL,TCL C7K,65,Ultra HD (4K),LED,Audio by Bang & Oluf...,0,0,0.0,22799,22799,Google,2025,0.0
842,Samsung,Samsung 8,50,Ultra HD (4K),LED,Not Specified,0,0,0.0,26900,26900,Tizen,2021,0.0
843,Blaupunkt,Blaupunkt GenZ Smart,49,Full HD,LED,Not Specified,0,0,0.0,59999,59999,Android,2019,0.0
